primary_title,director,Distributor,runtime_minutes
Gimme Shelter,Ron Krauss,Roadside Attractions,101.0
One for the Money,Julie Anne Robinson,Lionsgate,91.0
The Little Things,Darcy Hennessey Turenne,Warner Bros.,50.0
Parker,Taylor Hackford,FilmDistrict,118.0
Albert Nobbs,Rodrigo García,Roadside Attractions,113.0
Paranormal Activity: The Marked Ones,Christopher Landon,Paramount Pictures,84.0
Haywire,Steven Soderbergh,Relativity Media,93.0
Man on a Ledge,Asger Leth,Lionsgate,102.0
Quartet,Dustin Hoffman,The Weinstein Company,94.0
The Finest Hours,Craig Gillespie,Walt Disney Studios Motion Pictures,117.0
The Forest,Shan Serafin,Focus Features,98.0
Split,Robbie Walsh,Universal Pictures,
Broken City,Allen Hughes,Twentieth Century Fox,109.0
Mama,Kabat Esosa Egbon,Universal Pictures,
Taken 3,Olivier Megaton,Twentieth Century Fox,108.0
Gold,Stephen Gaghan,The Weinstein Company,120.0
Joyful Noise,Todd Graff,Warner Bros.,118.0
Weathering with You,Makoto Shinkai,GKIDS,
Panga,Ashwiny Iyer Tiwari,FIP,
13 Hours,Michael Bay,Paramount Pictures,144.0
Mary and the Witch's Flower,Hiromasa Yonebayashi,GKIDS,103.0
The Last Stand,Ciaran Creagh,Lionsgate,93.0
The Boy,Craig William Macneill,STX Entertainment,105.0
Dirty Grandpa,Dan Mazer,Lionsgate,102.0
The 5th Wave,J Blakeson,Sony Pictures Entertainment (SPE),112.0
Paddington,Paul King,,95.0
That Awkward Moment,Tom Gormican,Focus Features,94.0
Glass,Carlos Borges,Universal Pictures,
Belle,Mark Eiden,GKIDS,
Dragon Ball Super: Broly,Tatsuya Nagamine,FUNimation Entertainment,100.0
A Haunted House,Michael Tiddes,Open Road Films (II),86.0
The Assistant,Christophe Ali,Bleecker Street Media,87.0
Gangster Squad,Ruben Fleischer,Warner Bros.,113.0
A Dog's Way Home,Charles Martin Smith,Sony Pictures Entertainment (SPE),96.0
Underworld: Blood Wars,Anna Foerster,Screen Gems,91.0
Monster Trucks,Chris Wedge,Paramount Pictures,104.0
Beanpole,Kantemir Balagov,Kino Lorber,130.0
Mystify: Michael Hutchence,Richard Lowenstein,Fathom Events,
The Traitor,Marco Bellocchio,Sony Pictures Classics,135.0
Hansel & Gretel: Witch Hunters,Tommy Wirkola,Paramount Pictures,88.0
xXx: Return of Xander Cage,D.J. Caruso,Paramount Pictures,107.0
Chhapaak,Meghna Gulzar,FIP,
A Dog's Purpose,Lasse Hallström,Universal Pictures,100.0
Resident Evil: The Final Chapter,Paul W.S. Anderson,Screen Gems,107.0
The Bye Bye Man,Stacy Title,STX Entertainment,96.0
The Founder,John Lee Hancock,The Weinstein Company,115.0
The Rhythm Section,Reed Morano,Paramount Pictures,
The Upside,Neil Burger,STX Entertainment,126.0
"I, Frankenstein",Stuart Beattie,Lionsgate,92.0
Labor Day,Jason Reitman,Paramount Pictures,111.0
The Legend of Hercules,Renny Harlin,Lionsgate,99.0
Escape Room,Will Wernick,Sony Pictures Entertainment (SPE),81.0
Devil's Due,Tyler Gillett,Twentieth Century Fox,89.0
Sleepless,Prime Cruz,Open Road Films (II),120.0
The Last Full Measure,Todd Robinson,Roadside Attractions,
Movie 43,James Gunn,Relativity Media,94.0
Ride Along,Larry Greene,Universal Pictures,87.0
Paddington 2,Paul King,Warner Bros.,103.0
Bad Boys for Life,Adil El Arbi,Sony Pictures Entertainment (SPE),
The Commuter,Jaume Collet-Serra,Lionsgate,105.0
12 Strong,Nicolai Fuglsig,Warner Bros.,130.0
The Woman in Black 2: Angel of Death,Tom Harper,Relativity Media,98.0
Replicas,Jeffrey Nachmanoff,Entertainment Studios Motion Pictures,107.0
Fifty Shades of Black,Michael Tiddes,Open Road Films (II),92.0
Uri: The Surgical Strike,Aditya Dhar,,138.0
Gloria,Christian Keller,Roadside Attractions,126.0
The Patriarch,Borgy Torre,Pantelion Films,101.0
Blackhat,Michael Mann,Universal Pictures,133.0
Mortdecai,David Koepp,Lionsgate,107.0
Ip Man 3,Wilson Yip,Well Go USA Entertainment,105.0
Tim's Vermeer,Teller,Sony Pictures Classics,80.0
Les Misérables,Austin Gardner,Amazon Studios,
Project Almanac,Dean Israelite,Paramount Pictures,106.0
Black or White,Mike Binder,Relativity Media,121.0
Still Alice,Wash Westmoreland,Sony Pictures Classics,101.0
Insidious: The Last Key,Adam Robitel,Universal Pictures,103.0
Race 2,Abbas Alibhai Burmawalla,UTV Motion Pictures,150.0
Den of Thieves,Christian Gudegast,STX Entertainment,140.0
BTS World Tour: Love Yourself in Seoul,Praveen Gowtham,Fathom Events,112.0
Extreme Job,Byeong-heon Lee,CJ Entertainment,111.0
Sundown,Brendan Boogie,Bleecker Street Media,96.0
Clean,Graham Wright,IFC Films,70.0
Strange Magic,Gary Rydstrom,Walt Disney Studios Motion Pictures,99.0
The Boy Next Door,Rob Cohen,Universal Pictures,91.0
The Loft,Erik Van Looy,Open Road Films (II),108.0
The Gentlemen,Guy Ritchie,STX Entertainment,
I,S. Shankar,Aascar Film,188.0
The Turning,Marieka Walsh,Universal Pictures,180.0
The Grudge,Praveen Gowtham,Sony Pictures Entertainment (SPE),
Agneepath,Karan Malhotra,Eros Worldwide,174.0
Kung Fu Panda 3,Jennifer Yuh Nelson,Twentieth Century Fox,95.0
The Devil Inside,William Brent Bell,Paramount Pictures,83.0
Ride Along 2,Tim Story,Universal Pictures,102.0
Norm of the North,Trevor Wall,Lionsgate,90.0
Red Tails,Anthony Hemingway,Twentieth Century Fox,125.0
Supernova,Rizal Mantovani,Bleecker Street Media,135.0
Raees,Rahul Dholakia,,143.0
The Wedding Ringer,Jeremy Garelick,Screen Gems,101.0
Jack Ryan: Shadow Recruit,Kenneth Branagh,Paramount Pictures,105.0
The Grey,Joe Carnahan,Open Road Films (II),117.0
Underwater,William Eubank,Twentieth Century Fox,
The Kid Who Would Be King,Joe Cornish,Twentieth Century Fox,120.0
Cake,Asim Abbasi,Cinelou Films,125.0
Proud Mary,Babak Najafi,Screen Gems,89.0
The Resurrection of Gavin Stone,Dallas Jenkins,BH Tilt,91.0
Spare Parts,Sean McNamara,Lionsgate,114.0
The Salesman,Asghar Farhadi,Cohen Media Group,124.0
Forever My Girl,Bethany Ashton Wolf,Roadside Attractions,108.0
Contraband,Baltasar Kormákur,Universal Pictures,109.0
Serenity,Steven Knight,Aviron Pictures,106.0
Padmaavat,Sanjay Leela Bhansali,Viva Pictures,164.0
The Nut Job,Peter Lepeniotis,Open Road Films (II),85.0
Miss Bala,Catherine Hardwicke,Sony Pictures Entertainment (SPE),104.0
Total Dhamaal,Indra Kumar,FIP,130.0
Run the Race,Chris Dowling,Roadside Attractions,101.0
Safe Haven,Lasse Hallström,Relativity Media,115.0
Fifty Shades Darker,James Foley,Universal Pictures,118.0
John Wick: Chapter 2,Chad Stahelski,Lionsgate,122.0
Everybody Knows,Asghar Farhadi,Focus Features,133.0
Warm Bodies,Jonathan Levine,Lionsgate,98.0
Gully Boy,Zoya Akhtar,Viva Pictures,153.0
The Mermaid,Stephen Chow,Sony Pictures Entertainment (SPE),94.0
Escape from Planet Earth,Cal Brunker,The Weinstein Company,89.0
A Good Day to Die Hard,John Moore,Twentieth Century Fox,98.0
Get Out,Jordan Peele,Universal Pictures,104.0
Identity Thief,Seth Gordon,Universal Pictures,111.0
The Oscar Nominated Short Films 2019: Documentary,Praveen Gowtham,Shorts International,
The Lego Batman Movie,Chris McKay,Warner Bros.,104.0
The Prodigy,Nicholas McCarthy,Orion Pictures,92.0
The Wandering Earth,Frant Gwo,,125.0
Triple 9,John Hillcoat,Open Road Films (II),115.0
The Great Wall,Yimou Zhang,Universal Pictures,103.0
Every Day,Richard Levine,Orion Pictures,93.0
RoboCop,José Padilha,Sony Pictures Entertainment (SPE),117.0
Kedi,Kiran Kumar,Oscilloscope,153.0
Son of God,Christopher Spencer,Twentieth Century Fox,138.0
Early Man,Nick Park,Lionsgate,89.0
Is Genesis History?,Thomas Purifoy,Fathom Events,100.0
The Monuments Men,George Clooney,Sony Pictures Entertainment (SPE),118.0
Collide,June Daguiso,Open Road Films (II),
Stand Up Guys,Fisher Stevens,Lionsgate,95.0
Winchester,Michael Spierig,Lionsgate,99.0
Everybody Loves Somebody,Catalina Aguilar Mastretta,Pantelion Films,102.0
Non-Stop,Jaume Collet-Serra,Universal Pictures,106.0
The Gatekeepers,Dror Moreh,Sony Pictures Classics,101.0
Annihilation,Alex Garland,Paramount Pictures,115.0
No,Pablo Larraín,Sony Pictures Classics,118.0
The 15:17 to Paris,Clint Eastwood,Warner Bros.,94.0
Black Panther,Ryan Coogler,Walt Disney Studios Motion Pictures,134.0
The Oscar Nominated Short Films 2013: Live Action,Praveen Gowtham,Shorts International,115.0
Peter Rabbit,Will Gluck,Sony Pictures Entertainment (SPE),95.0
Fifty Shades Freed,James Foley,Universal Pictures,105.0
Game Night,Praveen Gowtham,Warner Bros.,
"Bless Me, Ultima",Carl Franklin,Arenas Entertainment,106.0
The Lego Movie,Phil Lord,Warner Bros.,100.0
Leap!,Mimi Maynard,Entertainment One,89.0
Samson,Gabriel Sabloff,Pure Flix Entertainment,110.0
Vampire Academy,Mark Waters,The Weinstein Company,104.0
Fist Fight,Richie Keen,Warner Bros.,91.0
Fighting with My Family,Stephen Merchant,Metro-Goldwyn-Mayer (MGM),108.0
Happy Death Day 2U,Christopher Landon,Universal Pictures,100.0
Snitch,Ric Roman Waugh,Lionsgate,112.0
Cold Pursuit,Hans Petter Moland,Lionsgate,119.0
Rings,F. Javier Gutiérrez,Paramount Pictures,102.0
Winter's Tale,Akiva Goldsman,Warner Bros.,118.0
Side Effects,Steven Soderbergh,Open Road Films (II),106.0
Isn't It Romantic,Todd Strauss-Schulson,Warner Bros.,89.0
What Men Want,Adam Shankman,Paramount Pictures,117.0
Alita: Battle Angel,Robert Rodriguez,Twentieth Century Fox,122.0
The Lego Movie 2: The Second Part,Mike Mitchell,Warner Bros.,107.0
The Wind Rises,Hayao Miyazaki,Walt Disney Studios Motion Pictures,126.0
Pompeii,Paul W.S. Anderson,TriStar Pictures,105.0
3 Days to Kill,McG,Relativity Media,117.0
Beautiful Creatures,Richard LaGravenese,Warner Bros.,124.0
Where to Invade Next,Michael Moore,Drafthouse Films,120.0
Rock Dog,Ash Brannon,Lionsgate,90.0
A Cure for Wellness,Gore Verbinski,Twentieth Century Fox,146.0
The Space Between Us,Peter Chelsom,STX Entertainment,120.0
Dark Skies,Scott Stewart,,97.0
Bullet to the Head,Walter Hill,Warner Bros.,92.0
I Am Not Your Negro,Raoul Peck,Magnolia Pictures,93.0
About Last Night,Steve Pink,Screen Gems,100.0
The Oscar Nominated Short Films 2018: Live Action,Praveen Gowtham,Shorts International,96.0
A United Kingdom,Amma Asante,Fox Searchlight Pictures,111.0
Endless Love,Shana Feste,Universal Pictures,104.0
How to Train Your Dragon: The Hidden World,Dean DeBlois,Universal Pictures,104.0
Sonic the Hedgehog,Jeff Fowler,Paramount Pictures,
The Choice,I. Michael Toth,Lionsgate,91.0
The Woman in Black,James Watkins,CBS Films,95.0
This Means War,McG,Twentieth Century Fox,103.0
Corpus Christi,Jan Komasa,Film Movement,
Deadpool,Tim Miller,Twentieth Century Fox,108.0
Burden,Andrew Heckler,101 Studios,129.0
Gone,Matthew McLaughlin,Lionsgate,75.0
Uncharted,Dan Trachtenberg,Sony Pictures Entertainment (SPE),
What We Do in the Shadows,Taika Waititi,,86.0
Wild Tales,Damián Szifron,Sony Pictures Classics,122.0
Chronicle,Josh Trank,Twentieth Century Fox,84.0
Wendy,Benh Zeitlin,Fox Searchlight Pictures,
Come to Daddy,Ant Timpson,Saban Films,93.0
Old Fashioned,Rik Swartzwelder,Freestyle Releasing,115.0
Focus,Christopher Young,Warner Bros.,87.0
First Lady,Dennis L. Reed II,ArtAffects Entertainment,
Ghost Rider: Spirit of Vengeance,Brian Taylor,Sony Pictures Entertainment (SPE),96.0
Big Miracle,Ken Kwapis,Universal Pictures,107.0
Crisis,Miguel Monteagudo,Quiver Distribution,123.0
"Hail, Caesar!",Joel Coen,Universal Pictures,106.0
Gods of Egypt,Alex Proyas,Lionsgate,127.0
Good Deeds,Tyler Perry,Lionsgate,110.0
Risen,Kevin Reynolds,Sony Pictures Entertainment (SPE),107.0
The Secret World of Arrietty,Hiromasa Yonebayashi,Walt Disney Studios Motion Pictures,94.0
Land,Julian T. Pinder,Focus Features,76.0
The Father,Kristina Grozeva,Sony Pictures Classics,87.0
How to Be Single,Christian Ditter,Warner Bros.,110.0
"McFarland, USA",Niki Caro,Walt Disney Studios Motion Pictures,129.0
Wanderlust,Graeme Higginson,Universal Pictures,
Fifty Shades of Grey,Sam Taylor-Johnson,Universal Pictures,125.0
The SpongeBob Movie: Sponge Out of Water,Mike Mitchell,Paramount Pictures,92.0
Blithe Spirit,Edward Hall,IFC Films,
Race,Stephen Hopkins,Focus Features,134.0
Zoolander 2,Ben Stiller,Paramount Pictures,101.0
Kingsman: The Secret Service,Matthew Vaughn,Twentieth Century Fox,129.0
The Witch,Robert Eggers,A24,92.0
Act of Valor,Mike McCoy,Relativity Media,110.0
Jupiter Ascending,Lilly Wachowski,Warner Bros.,127.0
Ride Your Wave,Masaaki Yuasa,Fathom Events,94.0
The Vow,Michael Sucsy,Screen Gems,104.0
Safe House,Praveen Gowtham,Universal Pictures,
Downhill,Patricio Valladares,Searchlight Pictures,82.0
And Then We Danced,Levan Akin,Music Box Films,105.0
Eddie the Eagle,Dexter Fletcher,Twentieth Century Fox,106.0
The Cursed,Wai Ying Yip,LD Entertainment,86.0
The Photograph,Stella Meghie,Universal Pictures,
Fantasy Island,Jeff Wadlow,Sony Pictures Entertainment (SPE),
The Invisible Man,Joseph Henson,Universal Pictures,88.0
Pride and Prejudice and Zombies,Burr Steers,Screen Gems,108.0
Butter,Jim Field Smith,Blue Fox Entertainment,90.0
Seventh Son,Sergei Bodrov,Universal Pictures,102.0
The Lazarus Effect,David Gelb,Relativity Media,83.0
Hot Tub Time Machine 2,Steve Pink,Paramount Pictures,93.0
Brahms: The Boy II,William Brent Bell,STX Entertainment,
Marry Me,Kadir Balci,Universal Pictures,94.0
Greed,Joel Lamangan,Sony Pictures Classics,
Journey 2: The Mysterious Island,Brad Peyton,Warner Bros.,94.0
Death on the Nile,Kenneth Branagh,20th Century Studios,
Dog,Samuel Benchetrit,United Artists Releasing,90.0
A la mala,Pitipol Ybarra,Lionsgate,99.0
The Lodge,Severin Fiala,Neon,100.0
Blacklight,Nick Snow,Briarcliff Entertainment,
Goon,Michael Dowse,Magnolia Pictures,92.0
My Boyfriend's Meds,Diego Kaplan,Pantelion Films,
London Has Fallen,Babak Najafi,Focus Features,99.0
A Wrinkle in Time,Ava DuVernay,Walt Disney Studios Motion Pictures,109.0
Do You Believe?,Richard Tavernaro,Pure Flix Entertainment,71.0
Divergent,Neil Burger,Lionsgate,139.0
I Can Only Imagine,Andrew Erwin,Roadside Attractions,110.0
The Second Best Exotic Marigold Hotel,John Madden,Fox Searchlight Pictures,122.0
Pacific Rim: Uprising,Steven S. DeKnight,Universal Pictures,111.0
Tomb Raider,Roar Uthaug,Warner Bros.,119.0
God's Not Dead,Harold Cronk,Freestyle Releasing,113.0
T2 Trainspotting,Danny Boyle,TriStar Pictures,117.0
Allegiant,Robert Schwentke,Lionsgate,120.0
Chappie,Neill Blomkamp,Sony Pictures Entertainment (SPE),120.0
10 Cloverfield Lane,Dan Trachtenberg,Paramount Pictures,103.0
It Follows,David Robert Mitchell,RADiUS-TWC,100.0
Unfinished Business,Remi Ibinola,Twentieth Century Fox,
Danny Collins,Dan Fogelman,Bleecker Street Media,106.0
The Gunman,Pierre Morel,Open Road Films (II),115.0
Noah,Anthony Deveney,Paramount Pictures,105.0
The Grand Budapest Hotel,Wes Anderson,Fox Searchlight Pictures,99.0
Badrinath Ki Dulhania,Shashank Khaitan,FIP,139.0
Zootopia,Rich Moore,Walt Disney Studios Motion Pictures,108.0
Batman v Superman: Dawn of Justice,Zack Snyder,Warner Bros.,151.0
While We're Young,Noah Baumbach,A24,97.0
300: Rise of an Empire,Noam Murro,Warner Bros.,102.0
Mr. Peabody & Sherman,Rob Minkoff,Twentieth Century Fox,92.0
Muppets Most Wanted,James Bobin,Walt Disney Studios Motion Pictures,107.0
Table 19,Jeffrey Blitz,Fox Searchlight Pictures,87.0
Ready Player One,Steven Spielberg,Warner Bros.,140.0
Miracles from Heaven,Patricia Riggen,TriStar Pictures,109.0
Finding Vivian Maier,Charlie Siskel,IFC Films,83.0
Logan,James Mangold,Twentieth Century Fox,137.0
Cinderella,Rennie Cowan,Walt Disney Studios Motion Pictures,130.0
The Boss Baby,Tom McGrath,Twentieth Century Fox,97.0
Kong: Skull Island,Jordan Vogt-Roberts,Warner Bros.,118.0
Veronica Mars,Rob Thomas,Warner Bros.,107.0
Eye in the Sky,Gavin Hood,Bleecker Street Media,102.0
Home,Muzaffer Özdemir,Twentieth Century Fox,76.0
The Raid 2,Gareth Evans,Sony Pictures Classics,150.0
Beauty and the Beast,Marilyn Barnes,Walt Disney Studios Motion Pictures,60.0
The Brothers Grimsby,Louis Leterrier,Sony Pictures Entertainment (SPE),83.0
The Perfect Match,Bille Woodruff,Lionsgate,96.0
Midnight Special,Jeff Nichols,Warner Bros.,112.0
Everybody Wants Some!!,Richard Linklater,Paramount Pictures,117.0
"Hello, My Name Is Doris",Michael Showalter,Roadside Attractions,90.0
The Other Side of the Door,Ira Farmer,Twentieth Century Fox,90.0
Kapoor & Sons,Shakun Batra,FIP,132.0
Power Rangers,Dean Israelite,Lionsgate,124.0
The Single Moms Club,Tyler Perry,Lionsgate,111.0
CHIPS,Dax Shepard,Warner Bros.,100.0
The Zookeeper's Wife,Niki Caro,Focus Features,127.0
The Young Messiah,Cyrus Nowrasteh,Focus Features,111.0
Before I Fall,Ry Russo-Young,Open Road Films (II),98.0
Whiskey Tango Foxtrot,John Requa,Paramount Pictures,112.0
Get Hard,Etan Cohen,Warner Bros.,100.0
Need for Speed,Scott Waugh,Walt Disney Studios Motion Pictures,132.0
My Big Fat Greek Wedding 2,Kirk Jones,Universal Pictures,94.0
The Belko Experiment,Greg McLean,BH Tilt,89.0
Life,Daniel Espinosa,Sony Pictures Entertainment (SPE),104.0
The Shack,Stuart Hazeldine,Lionsgate,132.0
Ghost in the Shell,Rupert Sanders,Paramount Pictures,107.0
Bad Words,Jason Bateman,Focus Features,89.0
Sabotage,David Ayer,Open Road Films (II),109.0
Red Sparrow,Francis Lawrence,Twentieth Century Fox,140.0
Run All Night,Jaume Collet-Serra,Warner Bros.,114.0
Greta,Armando Praça,Focus Features,97.0
Dead Man Down,Niels Arden Oplev,FilmDistrict,118.0
The Courier,Hany Abu-Assad,Roadside Attractions,95.0
Spring Breakers,Harmony Korine,A24,94.0
The Last Exorcism Part II,Ed Gass-Donnelly,CBS Films,88.0
Captain Marvel,Ryan Fleck,Walt Disney Studios Motion Pictures,123.0
Chaos Walking,Doug Liman,Lionsgate,
The Kid,Nick Moran,Lionsgate,111.0
A Thousand Words,Brian Robbins,DreamWorks,91.0
Us,Rob Tari,Universal Pictures,75.0
Nobody,Cyril Teste,Universal Pictures,90.0
Wonder Park,Dylan Brown,Paramount Pictures,85.0
Thoroughbreds,Cory Finley,Focus Features,92.0
The Aftermath,James Kent,Fox Searchlight Pictures,108.0
The Hurricane Heist,Rob Cohen,Entertainment Studios Motion Pictures,103.0
God's Not Dead: A Light in Darkness,Michael Mason,Pure Flix Entertainment,105.0
Unplanned,Chuck Konzelman,Pure Flix Entertainment,106.0
The Way Back,Peter Weir,Warner Bros.,133.0
City of Lies,Brad Furman,Saban Films,112.0
Gringo,Nash Edgerton,STX Entertainment,111.0
7 Days in Entebbe,José Padilha,Focus Features,107.0
Long Weekend,Taweewat Wantha,Stage 6 Films,85.0
Badla,Sujoy Ghosh,Reliance Big Pictures,118.0
Boogie,Rommel Tolentino,Focus Features,
Oz the Great and Powerful,Sam Raimi,Walt Disney Studios Motion Pictures,130.0
Five Feet Apart,Justin Baldoni,Lionsgate,116.0
Godzilla vs. Kong,Adam Wingard,Warner Bros.,
The Hunt,Oz Yilmaz,Universal Pictures,5.0
21 & Over,Scott Moore,Relativity Media,93.0
The Host,Miranda Pennell,Open Road Films (II),60.0
Jiro Dreams of Sushi,David Gelb,Magnolia Pictures,81.0
I Still Believe,Andrew Erwin,Lionsgate,
Bloodshot,Dave Wilson,Sony Pictures Entertainment (SPE),
The Kid with a Bike,Jean-Pierre Dardenne,IFC Films,87.0
Footnote,Joseph Cedar,Sony Pictures Classics,107.0
A Madea Family Funeral,Tyler Perry,Lionsgate,109.0
Onward,Dan Scanlon,Walt Disney Studios Motion Pictures,
"Jeff, Who Lives at Home",Jay Duplass,Paramount Vantage,83.0
Admission,Paul Weitz,Focus Features,107.0
Children of the Sea,Ayumu Watanabe,Fathom Events,
Hope Gap,William Nicholson,Roadside Attractions,
Dumbo,Tim Burton,Walt Disney Studios Motion Pictures,112.0
Silent House,Laura Lau,Open Road Films (II),86.0
Beneath Us,Max Pachman,Vital Pictures,90.0
The Raid: Redemption,Gareth Evans,Sony Pictures Classics,101.0
Extra Ordinary,Enda Loughman,Good Deed Entertainment,94.0
The Place Beyond the Pines,Derek Cianfrance,Focus Features,140.0
Friends with Kids,Jennifer Westfeldt,Roadside Attractions,107.0
Baaghi 3,Ahmed Khan,FIP,
The Incredible Burt Wonderstone,Don Scardino,Warner Bros.,100.0
Casa de mi Padre,Matt Piedmont,Lionsgate,84.0
Salmon Fishing in the Yemen,Lasse Hallström,CBS Films,107.0
Unsane,Steven Soderbergh,Bleecker Street Media,98.0
The Croods,Chris Sanders,Twentieth Century Fox,98.0
Death Wish,Eli Roth,Metro-Goldwyn-Mayer (MGM),107.0
Renoir,Gilles Bourdos,The Samuel Goldwyn Company,111.0
Wrath of the Titans,Jonathan Liebesman,Warner Bros.,99.0
The Death of Stalin,Armando Iannucci,IFC Films,107.0
X,Aj Meadows,A24,79.0
"Love, Simon",Greg Berlanti,Twentieth Century Fox,110.0
RRR,S.S. Rajamouli,Sarigama Cinemas,
Umma,Vijayakrishnan,Stage 6 Films,
Olympus Has Fallen,Antoine Fuqua,FilmDistrict,119.0
21 Jump Street,Phil Lord,Sony Pictures Entertainment (SPE),109.0
Apollo 11,Todd Douglas Miller,Neon,93.0
Alice,Oreste Crisostomi,Roadside Attractions,99.0
Jack the Giant Slayer,Bryan Singer,Warner Bros.,114.0
Captive State,Rupert Wyatt,Focus Features,109.0
Girl Rising,Richard Robbins,GathrFilms,101.0
Stoker,Chan-wook Park,Fox Searchlight Pictures,99.0
Sherlock Gnomes,John Stevenson,Paramount Pictures,86.0
Acrimony,Tyler Perry,Lionsgate,120.0
The Lorax,Chris Renaud,Universal Pictures,86.0
Hotel Mumbai,Anthony Maras,Bleecker Street Media,123.0
After Yang,Kogonada,,
I Am Here,Lixin Fan,Blue Fox Entertainment,88.0
The Hunger Games,Gary Ross,Lionsgate,142.0
Gloria Bell,Sebastián Lelio,A24,102.0
The Call,Brad Anderson,TriStar Pictures,94.0
"Paul, Apostle of Christ",Andrew Hyatt,Affirm Films,108.0
G.I. Joe: Retaliation,Jon M. Chu,Paramount Pictures,110.0
Isle of Dogs,Wes Anderson,Fox Searchlight Pictures,101.0
The Beach Bum,Harmony Korine,Neon,95.0
Temptation: Confessions of a Marriage Counselor,Tyler Perry,Lionsgate,111.0
Mirror Mirror,Tarsem Singh,Relativity Media,106.0
Project X,Nima Nourizadeh,Warner Bros.,88.0
Midnight Sun,Scott Speer,,91.0
The Batman,Matt Reeves,Warner Bros.,
The Mustang,Laure de Clermont-Tonnerre,Focus Features,96.0
John Carter,Andrew Stanton,Walt Disney Studios Motion Pictures,132.0
Emperor,Peter Webber,Roadside Attractions,105.0
The Sapphires,Wayne Blair,The Weinstein Company,103.0
The Strangers: Prey at Night,Johannes Roberts,Aviron Pictures,85.0
Locke,Steven Knight,A24,85.0
The White Crow,Ralph Fiennes,Sony Pictures Classics,127.0
2 States,Abhishek Varman,UTV Motion Pictures,149.0
The Fate of the Furious,F. Gary Gray,Universal Pictures,136.0
The Man Who Knew Infinity,Matt Brown,IFC Films,108.0
Housefull 2,Sajid Khan,Eros Worldwide,145.0
Kalank,Abhishek Varman,FIP,166.0
Oblivion,Joseph Kosinski,Universal Pictures,124.0
The Best of Enemies,Robin Bissell,STX Entertainment,133.0
Meet the Blacks,Deon Taylor,Freestyle Releasing,94.0
Under the Skin,Jonathan Glazer,A24,108.0
Miles Ahead,Don Cheadle,Sony Pictures Classics,100.0
Penguins,Alastair Fothergill,Walt Disney Studios Motion Pictures,76.0
Compadres,Enrique Begné,Pantelion Films,101.0
Furious 7,James Wan,Universal Pictures,137.0
Fan,Dimitris Bitos,Yash Raj Films,90.0
Green Room,Jeremy Saulnier,A24,95.0
Criminal,Ariel Vromen,Lionsgate,113.0
Marley,Kalyn Andrews,Magnolia Pictures,
Red Joan,Trevor Nunn,IFC Films,101.0
42,Brian Helgeland,Warner Bros.,128.0
Hardcore Henry,Ilya Naishuller,STX Entertainment,96.0
Only Lovers Left Alive,Jim Jarmusch,Sony Pictures Classics,123.0
Sing Street,John Carney,The Weinstein Company,106.0
Ratchet & Clank,Kevin Munroe,Focus Features,94.0
A Hologram for the King,Tom Tykwer,Roadside Attractions,98.0
I Feel Pretty,Marc Silverstein,STX Entertainment,110.0
A Beautiful Planet,Toni Myers,IMAX,46.0
Clouds of Sils Maria,Olivier Assayas,IFC Films,124.0
Limbo,Anna Sofie Hartmann,Focus Features,80.0
The Lucky One,Scott Hicks,Warner Bros.,101.0
The Resort,Galina Kalashnikova,Vertical Entertainment,40.0
The Bad Guys,Carlos Rincones,Universal Pictures,90.0
Morbius,Daniel Espinosa,Columbia Pictures,
The Water Diviner,Russell Crowe,Warner Bros.,111.0
True Story,Rasheed Wilds,Fox Searchlight Pictures,93.0
Little Boy,Alejandro Monteverde,Open Road Films (II),106.0
Think Like a Man,Tim Story,Screen Gems,122.0
Memory,Mew Kano,Open Road Films (II),10.0
The Contractor,Sean Olson,STX Entertainment,87.0
Acharya,Prashant Rasaily,Prime Media Pictures,147.0
Vivo,Kirk DeMicco,Fathom Events,
The Age of Adaline,Lee Toland Krieger,Lionsgate,112.0
The Longest Ride,George Tillman Jr.,Twentieth Century Fox,123.0
Woman in Gold,Simon Curtis,The Weinstein Company,109.0
Dual,Nejc Gazvoda,,102.0
Unfriended,Levan Gabriadze,Universal Pictures,83.0
Monkey Kingdom,Mark Linfield,Walt Disney Studios Motion Pictures,81.0
Firebird,Ryan Carlson,Roadside Attractions,
Ex Machina,Alex Garland,A24,108.0
American Reunion,Jon Hurwitz,Universal Pictures,113.0
The Jungle Book,Kevin Johnson,Walt Disney Studios Motion Pictures,64.0
Monsieur Lazhar,Philippe Falardeau,Music Box Films,94.0
Bernie,Neelima Lonari,Millennium Entertainment,155.0
Lockout,James Mather,FilmDistrict,95.0
To the Arctic 3D,Greg MacGillivray,Warner Bros.,40.0
The Raven,James McTeigue,Relativity Media,110.0
Keanu,Peter Atencio,Warner Bros.,100.0
God's Not Dead 2,Harold Cronk,Pure Flix Entertainment,120.0
Mortal Kombat,Simon McQuoid,Warner Bros.,
Safe,Paul Ruven,Lionsgate,75.0
The Five-Year Engagement,Nicholas Stoller,Universal Pictures,124.0
Chimpanzee,Mark Linfield,Walt Disney Studios Motion Pictures,78.0
Mother's Day,Garry Marshall,Open Road Films (II),118.0
The Pirates! Band of Misfits,Jeff Newitt,Sony Pictures Entertainment (SPE),88.0
Separation,Greg White,Open Road Films (II),81.0
The Huntsman: Winter's War,Cedric Nicolas-Troyan,Universal Pictures,114.0
Barbershop: The Next Cut,Malcolm D. Lee,Warner Bros.,111.0
Paul Blart: Mall Cop 2,Andy Fickman,Sony Pictures Entertainment (SPE),94.0
The Cabin in the Woods,Drew Goddard,Lionsgate,95.0
The Boss,Ben Falcone,Universal Pictures,99.0
The Three Stooges,Praveen Gowtham,Twentieth Century Fox,
After,Shaun Peter Cunningham,Aviron Pictures,
Trance,Emilio Belmonte,Fox Searchlight Pictures,
The Promise,Praveen Gowtham,Open Road Films (II),
The Lost City of Z,James Gray,Bleecker Street Media,141.0
Shazam!,David F. Sandberg,Warner Bros.,132.0
Unforgettable,Lee Eun-Hee,Warner Bros.,113.0
Draft Day,Ivan Reitman,Lionsgate,110.0
Oculus,Mike Flanagan,Relativity Media,104.0
Mud,José Celestino Campusano,Roadside Attractions,105.0
The Big Wedding,Justin Zackham,Lionsgate,89.0
Free Fire,Ben Wheatley,A24,91.0
Avengers: Infinity War,Anthony Russo,Walt Disney Studios Motion Pictures,149.0
Transcendence,Nicholas P. Richards,Warner Bros.,98.0
Born in China,Chuan Lu,Walt Disney Studios Motion Pictures,79.0
The Case for Christ,Jon Gunn,Pure Flix Entertainment,112.0
Brick Mansions,Camille Delamarre,Relativity Media,90.0
Bears,Alastair Fothergill,Walt Disney Studios Motion Pictures,78.0
Baahubali 2: The Conclusion,S.S. Rajamouli,Great India Films,167.0
The Circle,Sarah R. Larson,STX Entertainment,
The Miracle Season,Sean McNamara,,101.0
Super Troopers 2,Jay Chandrasekhar,Twentieth Century Fox,99.0
The Company You Keep,Robert Redford,Sony Pictures Classics,125.0
Traffik,Deon Taylor,Lionsgate,96.0
The Other Woman,Nick Cassavetes,Twentieth Century Fox,109.0
Pandas,Drew Fellman,Warner Bros.,42.0
Colossal,Nacho Vigalondo,Neon,109.0
Beirut,Brad Anderson,Bleecker Street Media,109.0
Phoenix Forgotten,Justin Barber,Cinelou Films,87.0
Their Finest,Lone Scherfig,STX Entertainment,117.0
Norman,Joseph Cedar,Sony Pictures Classics,118.0
Home Run,Chia-Chien Chen,The Samuel Goldwyn Company,82.0
Sgt. Stubby: An American Hero,Richard Lanni,,84.0
Filly Brown,Youssef Delara,Lionsgate,80.0
A Quiet Passion,Terence Davies,Music Box Films,125.0
Sleight,J.D. Dillard,BH Tilt,89.0
Disobedience,Sebastián Lelio,Bleecker Street Media,114.0
Your Name.,Makoto Shinkai,FUNimation Entertainment,106.0
Maudie,Aisling Walsh,Sony Pictures Classics,115.0
You Were Never Really Here,Lynne Ramsay,Amazon Studios,89.0
The Rider,Chloé Zhao,Sony Pictures Classics,104.0
Avengers: Endgame,Anthony Russo,Walt Disney Studios Motion Pictures,181.0
Heaven Is for Real,Randall Wallace,TriStar Pictures,99.0
A Haunted House 2,Michael Tiddes,Open Road Films (II),86.0
Pain & Gain,Michael Bay,Paramount Pictures,129.0
How to Be a Latin Lover,Ken Marino,Pantelion Films,115.0
Hellboy,Neil Marshall,Lionsgate,120.0
The Quiet Ones,Amel J. Figueroa,Lionsgate,
Blockers,Kay Cannon,Universal Pictures,102.0
Disconnect,Robin Christian,LD Entertainment,112.0
Going in Style,Zach Braff,Warner Bros.,96.0
Smurfs: The Lost Village,Kelly Asbury,Sony Pictures Entertainment (SPE),90.0
Truth or Dare,Tom Boyle,Universal Pictures,85.0
Evil Dead,Fede Alvarez,TriStar Pictures,91.0
Missing Link,Phina Brooks,United Artists Releasing,
Fading Gigolo,John Turturro,Millennium Entertainment,90.0
Captain America: The Winter Soldier,Anthony Russo,Walt Disney Studios Motion Pictures,136.0
The Railway Man,Jonathan Teplitzky,The Weinstein Company,116.0
Kon-Tiki,Espen Sandberg,The Weinstein Company,118.0
Chappaquiddick,John Curran,Entertainment Studios Motion Pictures,106.0
A Quiet Place,John Krasinski,Paramount Pictures,90.0
Rampage,Brad Peyton,Warner Bros.,107.0
Pet Sematary,Dennis Widmyer,Paramount Pictures,101.0
Gifted,Jai-hong Juhn,Fox Searchlight Pictures,103.0
Rio 2,Carlos Saldanha,Twentieth Century Fox,101.0
Breakthrough,Charmin Lee,Twentieth Century Fox,
Little,Tina Gordon,Universal Pictures,109.0
The Curse of La Llorona,Michael Chaves,Warner Bros.,93.0
Firestarter,Jamie Bailey,Universal Pictures,94.0
Piku,Shoojit Sircar,Yash Raj Films,123.0
Deadpool 2,David Leitch,Twentieth Century Fox,119.0
Aloha,Cameron Crowe,Sony Pictures Entertainment (SPE),105.0
The Innocents,Anne Fontaine,IFC Films,115.0
Show Dogs,Raja Gosnell,,92.0
Solo: A Star Wars Story,Ron Howard,Walt Disney Studios Motion Pictures,135.0
The Lovers,Azazel Jacobs,A24,97.0
Captain America: Civil War,Anthony Russo,Walt Disney Studios Motion Pictures,147.0
Overboard,Rob Greenberg,Pantelion Films,112.0
The Wall,Varun Trikha,Roadside Attractions,34.0
Far from the Madding Crowd,Thomas Vinterberg,Fox Searchlight Pictures,119.0
I'll See You in My Dreams,Brett Haley,Bleecker Street Media,92.0
Book Club,Hope Hartman,Paramount Pictures,72.0
Life of the Party,Rubin Whitmore II,Warner Bros.,115.0
Top Gun: Maverick,Joseph Kosinski,Paramount Pictures,
Vortex,Jacky Gan,Utopia,
Tanu Weds Manu Returns,Aanand L. Rai,Eros Worldwide,128.0
Lux Æterna,Gaspar Noé,Yellow Veil Pictures,50.0
Pirates of the Caribbean: Dead Men Tell No Tales,Espen Sandberg,Walt Disney Studios Motion Pictures,129.0
Tully,Jason Reitman,Focus Features,95.0
Love & Friendship,Whit Stillman,Roadside Attractions,90.0
The Darkness,Greg McLean,BH Tilt,92.0
The Intruder,Thanadol Nualsuth,Screen Gems,106.0
The Hustle,Chris Addison,United Artists Releasing,93.0
Long Shot,Jonathan Levine,Lionsgate,125.0
A Dog's Journey,Gail Mancuso,Universal Pictures,109.0
Booksmart,Olivia Wilde,United Artists Releasing,102.0
UglyDolls,Kelly Asbury,STX Entertainment,87.0
"Everything, Everything",Stella Meghie,Warner Bros.,96.0
King Arthur: Legend of the Sword,Guy Ritchie,Warner Bros.,126.0
Maggie's Plan,Rebecca Miller,Sony Pictures Classics,98.0
The Biggest Little Farm,John Chester,Neon,91.0
Brightburn,David Yarovesky,Screen Gems,90.0
Snatched,Rich McKee,Twentieth Century Fox,47.0
Tolkien,Dome Karukoski,Fox Searchlight Pictures,112.0
The Sun Is Also a Star,Ry Russo-Young,Warner Bros.,100.0
Baywatch,Seth Gordon,Paramount Pictures,116.0
Alien: Covenant,Ridley Scott,Twentieth Century Fox,122.0
Poms,Zara Hayes,STX Entertainment,91.0
Guardians of the Galaxy Vol. 2,James Gunn,Walt Disney Studios Motion Pictures,136.0
Breaking In,James McTeigue,Universal Pictures,88.0
Ma,Kenneth Lim Dagatan,Universal Pictures,72.0
Diary of a Wimpy Kid: The Long Haul,David Bowers,Twentieth Century Fox,91.0
X-Men: Apocalypse,Bryan Singer,Twentieth Century Fox,144.0
The Angry Birds Movie,Clay Kaytis,Sony Pictures Entertainment (SPE),97.0
New Order,Marco Rosson,Neon,90.0
Alice Through the Looking Glass,James Bobin,Walt Disney Studios Motion Pictures,113.0
Neighbors 2: Sorority Rising,Nicholas Stoller,Universal Pictures,92.0
Profile,Timur Bekmambetov,Focus Features,105.0
Finding You,Easy Ferrer,Roadside Attractions,97.0
Dream Horse,Euros Lyn,Bleecker Street Media,
Money Monster,Jodie Foster,TriStar Pictures,98.0
The Nice Guys,Shane Black,Warner Bros.,116.0
Paris Can Wait,Eleanor Coppola,Sony Pictures Classics,92.0
Lowriders,Ricardo de Montreuil,BH Tilt,98.0
First Reformed,Paul Schrader,A24,113.0
RBG,Julie Cohen,Magnolia Pictures,98.0
Bad Samaritan,Dean Devlin,Electric Entertainment,110.0
Spiral,Joe Clarke,Lionsgate,90.0
Aladdin,Bob Golding,Walt Disney Studios Motion Pictures,
Cruella,Craig Gillespie,Walt Disney Studios Motion Pictures,
How to Build a Girl,Coky Giedroyc,IFC Films,
John Wick: Chapter 3 - Parabellum,Chad Stahelski,Lionsgate,131.0
Lucky Grandma,Sasie Sealy,Good Deed Entertainment,
Godzilla: King of the Monsters,Michael Dougherty,Warner Bros.,132.0
The Wretched,Drew T. Pierce,IFC Films,
Rocketman,Dexter Fletcher,Paramount Pictures,121.0
The Avengers,Joss Whedon,Walt Disney Studios Motion Pictures,143.0
A Million Ways to Die in the West,Seth MacFarlane,Universal Pictures,116.0
Peeples,Tina Gordon,Lionsgate,95.0
Before Midnight,Richard Linklater,Sony Pictures Classics,109.0
What to Expect When You're Expecting,Kirk Jones,Lionsgate,110.0
Moonrise Kingdom,Wes Anderson,Focus Features,94.0
The Best Exotic Marigold Hotel,John Madden,Fox Searchlight Pictures,124.0
The Grand Seduction,Don McKellar,Entertainment One,113.0
Hysteria,Frank Lin,Sony Pictures Classics,
The Dictator,Larry Charles,Paramount Pictures,83.0
Ida,Pawel Pawlikowski,Music Box Films,82.0
Frances Ha,Noah Baumbach,IFC Films,86.0
Yeh Jawaani Hai Deewani,Ayan Mukherjee,Eros Worldwide,160.0
Battleship,Peter Berg,Universal Pictures,131.0
The East,Zal Batmanglij,Fox Searchlight Pictures,116.0
Dark Shadows,Tim Burton,Warner Bros.,113.0
Legends of Oz: Dorothy's Return,Daniel St. Pierre,Clarius Entertainment,88.0
The Iceman,Ariel Vromen,Millennium Entertainment,106.0
Moms' Night Out,Andrew Erwin,TriStar Pictures,98.0
Fill the Void,Rama Burshtein,Sony Pictures Classics,90.0
Love Is All You Need,Susanne Bier,Sony Pictures Classics,116.0
Stories We Tell,Sarah Polley,Roadside Attractions,108.0
Words and Pictures,Fred Schepisi,Roadside Attractions,111.0
The Immigrant,James Gray,The Weinstein Company,120.0
Poltergeist,Gil Kenan,Twentieth Century Fox,93.0
Girl in Progress,Patricia Riggen,Lionsgate,93.0
Iron Man 3,Shane Black,Walt Disney Studios Motion Pictures,130.0
Fast & Furious 6,Justin Lin,Universal Pictures,130.0
Star Trek Into Darkness,J.J. Abrams,Paramount Pictures,132.0
The Great Gatsby,Baz Luhrmann,Warner Bros.,143.0
Tomorrowland,Sarvnaz Alambeigi,Walt Disney Studios Motion Pictures,70.0
Now You See Me,Louis Leterrier,Lionsgate,115.0
Epic,Chris Wedge,Twentieth Century Fox,102.0
The Intouchables,Éric Toledano,The Weinstein Company,112.0
Mad Max: Fury Road,George Miller,Warner Bros.,120.0
San Andreas,Brad Peyton,Warner Bros.,114.0
Pitch Perfect 2,Elizabeth Banks,Universal Pictures,115.0
After Earth,M. Night Shyamalan,Sony Pictures Entertainment (SPE),100.0
Avengers: Age of Ultron,Joss Whedon,Walt Disney Studios Motion Pictures,141.0
Chernobyl Diaries,Bradley Parker,Warner Bros.,86.0
Fed Up,Stephanie Soechtig,RADiUS-TWC,92.0
The Hangover Part III,Todd Phillips,Warner Bros.,100.0
Crooked Arrows,Steve Rash,,105.0
Godzilla,Gareth Edwards,Warner Bros.,123.0
Blended,Frank Coraci,Warner Bros.,117.0
X-Men: Days of Future Past,Bryan Singer,Twentieth Century Fox,132.0
Chef,Raja Menon,Open Road Films (II),133.0
Million Dollar Arm,Craig Gillespie,Walt Disney Studios Motion Pictures,124.0
Maleficent,Robert Stromberg,Walt Disney Studios Motion Pictures,97.0
Neighbors,Steven Atkinson,Universal Pictures,
The Amazing Spider-Man 2,Marc Webb,Sony Pictures Entertainment (SPE),142.0
Men in Black 3,Barry Sonnenfeld,Sony Pictures Entertainment (SPE),106.0
Hot Pursuit,Anne Fletcher,Warner Bros.,87.0
1982,Tommy Oliver,Tricycle Logic,90.0
Transformers: Age of Extinction,Michael Bay,Paramount Pictures,165.0
It Comes at Night,Trey Edward Shults,A24,91.0
White House Down,Roland Emmerich,Sony Pictures Entertainment (SPE),131.0
Megan Leavey,Gabriela Cowperthwaite,Bleecker Street Media,116.0
The Fault in Our Stars,Josh Boone,Twentieth Century Fox,126.0
Edge of Tomorrow,Doug Liman,Warner Bros.,113.0
The Beguiled,John Brown,Focus Features,
Late Night,Nisha Ganatra,Amazon Studios,102.0
Inside Out,Russell Davidson,Walt Disney Studios Motion Pictures,
Shaft,Tim Story,Warner Bros.,
This Is the End,Evan Goldberg,Sony Pictures Entertainment (SPE),107.0
Popstar: Never Stop Never Stopping,Akiva Schaffer,Universal Pictures,87.0
Incredibles 2,Brad Bird,Walt Disney Studios Motion Pictures,118.0
Jurassic World,Colin Trevorrow,Universal Pictures,124.0
The Internship,Shawn Levy,Twentieth Century Fox,119.0
Child's Play,Lars Klevberg,United Artists Releasing,120.0
Hunt for the Wilderpeople,Taika Waititi,The Orchard,101.0
Yesterday,Danny Boyle,Universal Pictures,116.0
Anna,Jorge Dorado,Lionsgate,99.0
The Hero,Praveen Gowtham,The Orchard,
Ted 2,Seth MacFarlane,Universal Pictures,115.0
The Other Side of Heaven 2: Fire of Faith,Mitch Davis,ArtAffects Entertainment,110.0
Wild Rose,Tom Harper,Neon,100.0
Warcraft,Duncan Jones,Universal Pictures,123.0
World War Z,Marc Forster,Paramount Pictures,116.0
Monsters University,Dan Scanlon,Walt Disney Studios Motion Pictures,104.0
The Book of Henry,Colin Trevorrow,Focus Features,105.0
Beatriz at Dinner,Miguel Arteta,Roadside Attractions,82.0
The Shallows,Jaume Collet-Serra,Sony Pictures Entertainment (SPE),86.0
Me Before You,Thea Sharrock,Warner Bros.,106.0
Your Sister's Sister,Lynn Shelton,IFC Films,90.0
Jersey Boys,Clint Eastwood,Warner Bros.,134.0
Man of Steel,Zack Snyder,Warner Bros.,143.0
The Heat,Paul Feig,Twentieth Century Fox,117.0
Bharat,Ali Abbas Zafar,Viva Pictures,150.0
Maiden,Alex Holmes,Sony Pictures Classics,97.0
Free State of Jones,Gary Ross,STX Entertainment,139.0
The Dead Don't Die,Jim Jarmusch,Focus Features,105.0
Spy,Alexander Klymko,Twentieth Century Fox,110.0
Think Like a Man Too,Tim Story,Screen Gems,106.0
My Cousin Rachel,Roger Michell,Fox Searchlight Pictures,106.0
Pavarotti,Ron Howard,CBS Films,114.0
The Last Black Man in San Francisco,Joe Talbot,A24,120.0
Swiss Army Man,Daniel Scheinert,A24,97.0
Ocean's Eight,Gary Ross,Warner Bros.,110.0
Annabelle Comes Home,Gary Dauberman,Warner Bros.,
Much Ado About Nothing,Jeremy Herrin,Roadside Attractions,167.0
Tag,Danny Roth,Warner Bros.,91.0
SuperFly,Director X.,Sony Pictures Entertainment (SPE),116.0
Won't You Be My Neighbor?,Morgan Neville,Focus Features,94.0
Snowpiercer,Joon-ho Bong,RADiUS-TWC,126.0
Adrift,Baltasar Kormákur,STX Entertainment,96.0
All Eyez on Me,Benny Boom,Lionsgate,139.0
47 Meters Down,Johannes Roberts,Entertainment Studios Motion Pictures,89.0
The Big Sick,Michael Showalter,Lionsgate,120.0
The House,Andrew Jay Cohen,Warner Bros.,88.0
Sicario: Day of the Soldado,Stefano Sollima,Sony Pictures Entertainment (SPE),122.0
I'm So Excited!,Pedro Almodóvar,Sony Pictures Classics,90.0
Hereditary,Ari Aster,A24,127.0
Captain Underpants: The First Epic Movie,David Soren,Twentieth Century Fox,89.0
Unfinished Song,Paul Andrew Williams,The Weinstein Company,90.0
The Attack,Ziad Doueiri,Cohen Media Group,102.0
Uncle Drew,Charles Stone III,Lionsgate,103.0
Three Identical Strangers,Tim Wardle,Neon,96.0
Upgrade,Leigh Whannell,BH Tilt,100.0
Men in Black: International,F. Gary Gray,Sony Pictures Entertainment (SPE),115.0
Jurassic World: Fallen Kingdom,J.A. Bayona,Universal Pictures,128.0
The Secret Life of Pets 2,Chris Renaud,Universal Pictures,86.0
Begin Again,Joshua Samson,The Weinstein Company,68.0
Toy Story 4,Josh Cooley,Walt Disney Studios Motion Pictures,100.0
Hearts Beat Loud,Brett Haley,Gunpowder & Sky,97.0
American Animals,Bart Layton,The Orchard,116.0
A Aa,Trivikram Srinivas,Blue Sky Cinema,152.0
Gotti,Kevin Connolly,Vertical Entertainment,112.0
Wonder Woman,Patty Jenkins,Warner Bros.,141.0
Despicable Me 3,Pierre Coffin,Universal Pictures,89.0
Action Point,Tim Kirkby,Paramount Pictures,85.0
Leave No Trace,Debra Granik,Bleecker Street Media,109.0
Hotel Artemis,Drew Pearce,,94.0
22 Jump Street,Phil Lord,Sony Pictures Entertainment (SPE),112.0
20 Feet from Stardom,Morgan Neville,RADiUS-TWC,91.0
The Mummy,Alex Kurtzman,Universal Pictures,110.0
Baby Driver,Edgar Wright,TriStar Pictures,113.0
Sanju,Rajkumar Hirani,FIP,155.0
Rough Night,Lucia Aniello,Sony Pictures Entertainment (SPE),101.0
How to Train Your Dragon 2,Dean DeBlois,Twentieth Century Fox,102.0
Cars 3,Brian Fee,Walt Disney Studios Motion Pictures,102.0
America: Imagine the World Without Her,Dinesh D'Souza,Lionsgate,105.0
Obvious Child,Gillian Robespierre,A24,84.0
Transformers: The Last Knight,Michael Bay,Paramount Pictures,154.0
The Bling Ring,Sofia Coppola,A24,90.0
The Purge,James DeMonaco,Universal Pictures,85.0
In the Heights,Jon M. Chu,Warner Bros.,
Seeking a Friend for the End of the World,Lorene Scafaria,Focus Features,101.0
Followed,Antoine Le,Global View Entertainment,
Central Intelligence,Rawson Marshall Thurber,Warner Bros.,107.0
Max,Luca Scivoletto,Warner Bros.,52.0
Magic Mike,Steven Soderbergh,Warner Bros.,110.0
Independence Day: Resurgence,Roland Emmerich,Twentieth Century Fox,120.0
Prometheus,Ridley Scott,Twentieth Century Fox,124.0
Watcher,Rose Goldthorp,IFC Films,46.0
The Conjuring 2,James Wan,Warner Bros.,134.0
Becky,Arturo San Agustin,Quiver Distribution,
Snow White and the Huntsman,Rupert Sanders,Universal Pictures,127.0
Outlaws,Stephen McCallum,Arc Entertainment,92.0
Love & Mercy,Bill Pohlad,Roadside Attractions,121.0
People Like Us,Baron Norris,Walt Disney Studios Motion Pictures,55.0
To Rome with Love,Woody Allen,Sony Pictures Classics,112.0
Insidious: Chapter 3,Leigh Whannell,Focus Features,97.0
Zola,Sanelle Sibanda,A24,100.0
Now You See Me 2,Jon M. Chu,Lionsgate,129.0
That's My Boy,Sean Anders,Sony Pictures Entertainment (SPE),116.0
Abraham Lincoln: Vampire Hunter,Timur Bekmambetov,Twentieth Century Fox,105.0
Infinitely Polar Bear,Maya Forbes,Sony Pictures Classics,90.0
Me and Earl and the Dying Girl,Alfonso Gomez-Rejon,Fox Searchlight Pictures,105.0
Rock of Ages,Adam Shankman,Warner Bros.,123.0
StarDog and TurboCat,Ben Smith,Viva Pictures,
Finding Dory,Andrew Stanton,Walt Disney Studios Motion Pictures,97.0
Dil Dhadakne Do,Zoya Akhtar,Eros Worldwide,170.0
Beasts of the Southern Wild,Benh Zeitlin,Fox Searchlight Pictures,93.0
Most Wanted,Arpan Sarkar,Saban Films,61.0
Madea's Witness Protection,Tyler Perry,Lionsgate,114.0
Witnesses,Christopher Burgart,Purdie Distribution,
Madagascar 3: Europe's Most Wanted,Tom McGrath,DreamWorks,93.0
Testament of Youth,James Kent,Sony Pictures Classics,129.0
Teenage Mutant Ninja Turtles: Out of the Shadows,Dave Green,Paramount Pictures,112.0
Ted,Seth MacFarlane,Universal Pictures,106.0
Brave,Lowladee Omolola Adeleke,Walt Disney Studios Motion Pictures,
Poser,Jake Striebel,Oscilloscope,88.0
Abandoned,John Laing,Vertical Entertainment,86.0
Safety Not Guaranteed,Colin Trevorrow,FilmDistrict,86.0
Dope,Rick Famuyiwa,Open Road Films (II),103.0
Entourage,Doug Ellin,Warner Bros.,104.0
An Inconvenient Sequel: Truth to Power,Bonni Cohen,Paramount Pictures,98.0
Hotel Transylvania 3: Summer Vacation,Genndy Tartakovsky,Sony Pictures Entertainment (SPE),97.0
My Old School,Jason Allard,Magnolia Pictures,60.0
The Amazing Spider-Man,Marc Webb,Sony Pictures Entertainment (SPE),136.0
Spider-Man: Homecoming,Jon Watts,Sony Pictures Entertainment (SPE),133.0
Pig,Mani Haghighi,Neon,104.0
The Fluffy Movie: Unity Through Laughter,Jay Lavender,Open Road Films (II),101.0
Dunkirk,Christopher Nolan,Warner Bros.,106.0
War for the Planet of the Apes,Matt Reeves,Twentieth Century Fox,140.0
Savages,Oliver Stone,Universal Pictures,131.0
Girls Trip,Malcolm D. Lee,Universal Pictures,122.0
Unfriended: Dark Web,Stephen Susco,BH Tilt,92.0
The End of the Tour,James Ponsoldt,A24,106.0
Wolf Warrior 2,Jing Wu,The H Collective,123.0
The Emoji Movie,Tony Leondis,Sony Pictures Entertainment (SPE),86.0
Wish I Was Here,Zach Braff,Focus Features,106.0
Phoenix,Anat Tel,IFC Films,70.0
The Killer,Marcelo Galvão,Wide Lens Pictures,99.0
Planes: Fire & Rescue,Roberts Gannaway,Walt Disney Studios Motion Pictures,83.0
Blindspotting,Carlos López Estrada,Lionsgate,95.0
Snake Eyes,Robert Schwentke,Paramount Pictures,
Earth to Echo,Dave Green,Relativity Media,91.0
Kabali,Pa. Ranjith,,153.0
The Way Way Back,Nat Faxon,Fox Searchlight Pictures,103.0
Batman: The Killing Joke,Sam Liu,Fathom Events,76.0
Southpaw,Antoine Fuqua,The Weinstein Company,124.0
Indignation,James Schamus,Roadside Attractions,110.0
Fruitvale Station,Ryan Coogler,The Weinstein Company,85.0
Persecuted,Daniel Lusko,Millennium Entertainment,91.0
Spider-Man: Far from Home,Jon Watts,Sony Pictures Entertainment (SPE),
Sex Tape,Jake Kasdan,Sony Pictures Entertainment (SPE),94.0
Stillwater,Nino Aldi,Focus Features,92.0
Our Kind of Traitor,Susanna White,Roadside Attractions,108.0
The Lion King,Jon Favreau,Walt Disney Studios Motion Pictures,
1991,Ricardo Trogi,Entertainment One,141.0
2016: Obama's America,Dinesh D'Souza,Rocky Mountain Pictures,87.0
Kick,Josias Tschanz,UTV Motion Pictures,
The Dark Knight Rises,Christopher Nolan,Warner Bros.,164.0
Whitney,Kevin Macdonald,Roadside Attractions,120.0
Step Up Revolution,Scott Speer,Lionsgate,99.0
The Watch,Akiva Schaffer,Twentieth Century Fox,102.0
The Gallows,Travis Cluff,Warner Bros.,81.0
Eighth Grade,Bo Burnham,A24,93.0
Atomic Blonde,David Leitch,Focus Features,115.0
Sorry to Bother You,Boots Riley,Annapurna Pictures,111.0
Paper Towns,Jake Schreier,Twentieth Century Fox,109.0
Lucy,Elisa Chee,Universal Pictures,9.0
Dawn of the Planet of the Apes,Matt Reeves,Twentieth Century Fox,130.0
Resurrection,Mohd Pierre Andre,IFC Films,84.0
Wish Upon,John R. Leonetti,Broad Green Pictures,90.0
Detroit,Kathryn Bigelow,Annapurna Pictures,143.0
Skyscraper,Rawson Marshall Thurber,Universal Pictures,102.0
Ice Age: Continental Drift,Steve Martino,Twentieth Century Fox,88.0
Self/less,Tarsem Singh,Focus Features,117.0
The First Purge,Gerard McMurray,Universal Pictures,98.0
The Forgiven,J.G. Turner,Roadside Attractions,115.0
And So It Goes,Rob Reiner,Clarius Entertainment,94.0
Mission: Impossible - Fallout,Christopher McQuarrie,Paramount Pictures,147.0
Fire,Luis Marías,IFC Films,90.0
A Most Wanted Man,Anton Corbijn,Roadside Attractions,122.0
The Equalizer 2,Antoine Fuqua,Sony Pictures Entertainment (SPE),121.0
Mamma Mia! Here We Go Again,Ol Parker,Universal Pictures,114.0
Vengeance,Dustin Montierth,Focus Features,
Ant-Man and the Wasp,Peyton Reed,Walt Disney Studios Motion Pictures,118.0
The To Do List,Maggie Carey,CBS Films,104.0
Irrational Man,Woody Allen,Sony Pictures Classics,95.0
The Purge: Anarchy,James DeMonaco,Universal Pictures,103.0
Valerian and the City of a Thousand Planets,Luc Besson,STX Entertainment,137.0
Minions: The Rise of Gru,Kyle Balda,Universal Pictures,
Blackfish,Gabriela Cowperthwaite,Magnolia Pictures,83.0
Magic in the Moonlight,Woody Allen,Sony Pictures Classics,97.0
Baahubali: The Beginning,S.S. Rajamouli,Blue Sky Cinema,159.0
Hercules,Sudeshna Roy,Paramount Pictures,112.0
Bhaag Milkha Bhaag,Rakeysh Omprakash Mehra,Reliance Big Pictures,186.0
Bajrangi Bhaijaan,Kabir Khan,Eros Worldwide,163.0
Amy,Patnaik R.P.,A24,94.0
Mr. Holmes,Bill Condon,Roadside Attractions,104.0
Deliver Us from Evil,Scott Derrickson,Screen Gems,118.0
Tammy,Ben Falcone,Warner Bros.,97.0
Boyhood,Richard Linklater,IFC Films,165.0
Ice Age: Collision Course,Mike Thurmeier,Twentieth Century Fox,94.0
Train to Busan,Sang-ho Yeon,Well Go USA Entertainment,118.0
Terminator Genisys,Alan Taylor,Paramount Pictures,126.0
The Wolverine,James Mangold,Twentieth Century Fox,126.0
Café Society,Woody Allen,Lionsgate,96.0
Grown Ups 2,Dennis Dugan,Sony Pictures Entertainment (SPE),101.0
The Conjuring,James Wan,Warner Bros.,112.0
The Rental,Dave Franco,IFC Films,
The Secret Life of Pets,Yarrow Cheney,Universal Pictures,87.0
The Art of Self-Defense,Riley Stearns,Bleecker Street Media,104.0
Super 30,Vikas Bahl,Reliance Big Pictures,
Turbo,David Soren,Twentieth Century Fox,96.0
Black Widow,Chibuike Ibe,Walt Disney Studios Motion Pictures,
Jungle Cruise,Jaume Collet-Serra,Walt Disney Studios Motion Pictures,
The Purge: Election Year,James DeMonaco,Universal Pictures,108.0
Nerve,Ben Evans,Lionsgate,62.0
Searching for Sugar Man,Malik Bendjelloul,Sony Pictures Classics,86.0
Mike and Dave Need Wedding Dates,Jake Szymanski,Twentieth Century Fox,98.0
The Farewell,Slobodan Jokic,A24,80.0
Pixels,Jacek Lusinski,Sony Pictures Entertainment (SPE),100.0
Relic,Natalie Erika James,IFC Films,
Ant-Man,Peyton Reed,Walt Disney Studios Motion Pictures,117.0
Mission: Impossible - Rogue Nation,Christopher McQuarrie,Paramount Pictures,131.0
Don't Think Twice,Mike Birbiglia,The Film Arcade,92.0
Archive,Adam Forrester,Vertical Entertainment,3.0
Palm Springs,Max Barbakow,Neon,
The Infiltrator,Brad Furman,Broad Green Pictures,127.0
The Smurfs 2,Raja Gosnell,Sony Pictures Entertainment (SPE),105.0
The Outpost,Rod Lurie,Fathom Events,
Jason Bourne,Paul Greengrass,Universal Pictures,123.0
Star Trek Beyond,Justin Lin,Paramount Pictures,122.0
Ghostbusters,Paul Feig,Sony Pictures Entertainment (SPE),116.0
Pacific Rim,Guillermo del Toro,Warner Bros.,131.0
The Legend of Tarzan,David Yates,Warner Bros.,110.0
Bad Moms,Scott Moore,STX Entertainment,100.0
Vacation,John Francis Daley,Warner Bros.,99.0
Trainwreck,Judd Apatow,Universal Pictures,125.0
Minions,Pierre Coffin,Universal Pictures,91.0
Hillary's America: The Secret History of the Democratic Party,Dinesh D'Souza,,106.0
Menteur,Émile Gaudreault,Entertainment One,
RED 2,Dean Parisot,Lionsgate,116.0
Stuber,Michael Dowse,Twentieth Century Fox,105.0
Kevin Hart: Let Me Explain,Leslie Small,Lionsgate,75.0
Crawl,Paul China,Paramount Pictures,80.0
The BFG,Steven Spielberg,Walt Disney Studios Motion Pictures,117.0
R.I.P.D.,Robert Schwentke,Universal Pictures,96.0
Blue Jasmine,Woody Allen,Sony Pictures Classics,98.0
Lights Out,Fabrice Gobert,Warner Bros.,87.0
Sultan,Yildiz Hülya Bilban,Yash Raj Films,
Captain Fantastic,Matt Ross,Bleecker Street Media,118.0
Ruby Sparks,Valerie Faris,Fox Searchlight Pictures,104.0
The Queen of Versailles,Lauren Greenfield,Magnolia Pictures,100.0
The Vatican Tapes,Mark Neveldine,Lionsgate,91.0
Killer Joe,William Friedkin,LD Entertainment,102.0
Absolutely Fabulous: The Movie,Mandie Fletcher,Fox Searchlight Pictures,91.0
Magic Mike XXL,Gregory Jacobs,Warner Bros.,115.0
The Lone Ranger,Gore Verbinski,Walt Disney Studios Motion Pictures,150.0
Midsommar,Ari Aster,A24,140.0
Despicable Me 2,Pierre Coffin,Universal Pictures,98.0
"Farewell, My Queen",Benoît Jacquot,Cohen Media Group,100.0
Guardians of the Galaxy,James Gunn,Walt Disney Studios Motion Pictures,121.0
Elysium,Neill Blomkamp,TriStar Pictures,109.0
After the Wedding,Bart Freundlich,Sony Pictures Classics,110.0
The Territory,Dmitriy Khavin,Picturehouse Entertainment,40.0
Let's Be Cops,Luke Greenfield,Twentieth Century Fox,104.0
The Meg,Jon Turteltaub,Warner Bros.,113.0
Fall,Bryan Dobson,Lionsgate,
All Saints,Steve Gomer,Affirm Films,108.0
Into the Storm,Steven Quale,Warner Bros.,89.0
Robot & Frank,Jake Schreier,The Samuel Goldwyn Company,89.0
The Eight Hundred,Hu Guan,CMC Pictures,149.0
Birth of the Dragon,George Nolfi,BH Tilt,95.0
The Bourne Legacy,Tony Gilroy,Universal Pictures,135.0
Sleepwalk with Me,Seth Barrish,IFC Films,81.0
Bill & Ted Face the Music,Dean Parisot,United Artists Releasing,
Beast,Ben Strang,Universal Pictures,60.0
Ek Tha Tiger,Kabir Khan,Yash Raj Films,132.0
The Campaign,Jay Roach,Warner Bros.,85.0
Easter Sunday,R.H. Bless,Universal Pictures,79.0
"Where'd You Go, Bernadette",Richard Linklater,United Artists Releasing,
Planes,Klay Hall,Walt Disney Studios Motion Pictures,91.0
BlacKkKlansman,Spike Lee,Focus Features,135.0
Nitro Circus: The Movie,Gregg Godfrey,Arc Entertainment,92.0
Brittany Runs a Marathon,Paul Downs Colaizzo,Amazon Studios,103.0
Unhinged,Brian Stanley Allen,Solstice Studios,12.0
The Personal History of David Copperfield,Armando Iannucci,Searchlight Pictures,
We're the Millers,Rawson Marshall Thurber,Warner Bros.,110.0
Tod@s Caen,Ariel Winograd,Pantelion Films,
Saaho,Sujeeth,Yash Raj Films,
The Apparition,Todd Lincoln,Warner Bros.,83.0
Crazy Rich Asians,Jon M. Chu,Warner Bros.,120.0
Peninsula,Tim Rolt,Well Go USA Entertainment,123.0
Luce,Julius Onah,Neon,109.0
Official Secrets,Gavin Hood,IFC Films,112.0
Mission Mangal,Jagan Shakti,FIP,
Ingrid Goes West,Matt Spicer,Neon,98.0
Brian Banks,Tom Shadyac,Bleecker Street Media,99.0
Teenage Mutant Ninja Turtles,Jonathan Liebesman,Paramount Pictures,101.0
The Hundred-Foot Journey,Lasse Hallström,Walt Disney Studios Motion Pictures,122.0
Good Time,Benny Safdie,A24,101.0
If I Stay,R.J. Cutler,Warner Bros.,107.0
The New Mutants,Josh Boone,20th Century Studios,
Samsara,Ron Fricke,Oscilloscope,102.0
The Tax Collector,David Ayer,RLJE Films,
Don't Let Go,Bella Barlow,,50.0
Lee Daniels' The Butler,Lee Daniels,The Weinstein Company,132.0
Celeste & Jesse Forever,Lee Toland Krieger,Sony Pictures Classics,92.0
Christopher Robin,Marc Forster,Walt Disney Studios Motion Pictures,104.0
Toilet: A Love Story,Shree Narayan Singh,Reliance Big Pictures,155.0
Respect,Liesl Tommy,Metro-Goldwyn-Mayer (MGM),
Instructions Not Included,Michael Buffo,Lionsgate,52.0
Reminiscence,Yasuo Furuhata,Warner Bros.,98.0
The Art of Racing in the Rain,Simon Curtis,Twentieth Century Fox,
Paranoia,Robert Luketic,Relativity Media,106.0
Candyman,Nia DaCosta,Universal Pictures,
Lawless,Mario Mandujano,The Weinstein Company,90.0
Kin,Jonathan Baker,Lionsgate,102.0
Death of a Nation,Dinesh D'Souza,,108.0
The Spectacular Now,James Ponsoldt,A24,95.0
Free Guy,Shawn Levy,20th Century Studios,
The Grandmaster,Kar-Wai Wong,The Weinstein Company,130.0
A-X-L,Oliver Daly,,98.0
Ready or Not,Tyler Gillett,Fox Searchlight Pictures,
Dog Days,Timmy Harn,LD Entertainment,124.0
"Juliet, Naked",Jesse Peretz,Roadside Attractions,97.0
Angel Has Fallen,Ric Roman Waugh,Lionsgate,
Good Boys,Gino Alfonso,Universal Pictures,
The World's End,Edgar Wright,Focus Features,109.0
Scary Stories to Tell in the Dark,André Øvredal,Lionsgate,
Dora and the Lost City of Gold,James Bobin,Paramount Pictures,
Premium Rush,David Koepp,Sony Pictures Entertainment (SPE),91.0
You're Next,Adam Wingard,Lionsgate,95.0
Fast & Furious Presents: Hobbs & Shaw,David Leitch,Universal Pictures,
Jobs,Joshua Michael Stern,Open Road Films (II),128.0
Kick-Ass 2,Jeff Wadlow,Universal Pictures,103.0
One Direction: This Is Us,Morgan Spurlock,TriStar Pictures,92.0
Sparkle,Salim Akil,TriStar Pictures,116.0
The Mortal Instruments: City of Bones,Harald Zwart,Screen Gems,130.0
The Protégé,Kandice Smith,Lionsgate,
The Night House,David Bruckner,Searchlight Pictures,
Papillon,Michael Noer,Bleecker Street Media,133.0
The Angry Birds Movie 2,Thurop Van Orman,Sony Pictures Entertainment (SPE),
Getaway,Courtney Solomon,Warner Bros.,90.0
Made for More,Jack Noble,Fathom Events,120.0
Overcomer,Alex Kendrick,Affirm Films,
The Suicide Squad,James Gunn,Warner Bros.,
47 Meters Down: Uncaged,Johannes Roberts,Entertainment Studios Motion Pictures,
Tesla,Vinod J. Raj,IFC Films,
Percy Jackson: Sea of Monsters,Thor Freudenthal,Twentieth Century Fox,106.0
Together,Ran Yan,Universal Pictures,
The Happytime Murders,Brian Henson,STX Entertainment,91.0
Searching,Aneesh Chaganty,Screen Gems,102.0
Slender Man,Andrey Bulahov,Screen Gems,52.0
In a World...,Lake Bell,Roadside Attractions,93.0
2 Guns,Baltasar Kormákur,Universal Pictures,109.0
The Spy Who Dumped Me,Susanna Fogel,Lionsgate,117.0
Blinded by the Light,Gurinder Chadha,Warner Bros.,117.0
Alpha,Nasiruddin Yousuff,Studio 8,90.0
Mile 22,Peter Berg,STX Entertainment,94.0
Austenland,Jerusha Hess,Sony Pictures Classics,97.0
The Expendables 2,Simon West,Lionsgate,103.0
Raging Fire,Benny Chan,Well Go USA Entertainment,
Operation Finale,Chris Weitz,Metro-Goldwyn-Mayer (MGM),122.0
The Giver,Phillip Noyce,The Weinstein Company,97.0
Diary of a Wimpy Kid: Dog Days,David Bowers,Twentieth Century Fox,94.0
The Possession,Ole Bornedal,Lionsgate,92.0
Closed Circuit,John Crowley,Focus Features,96.0
The Odd Life of Timothy Green,Peter Hedges,Walt Disney Studios Motion Pictures,105.0
The Peanut Butter Falcon,Tyler Nilson,Roadside Attractions,93.0
ParaNorman,Sam Fell,Focus Features,92.0
Chennai Express,Rohit Shetty,UTV Motion Pictures,141.0
Hit and Run,David Palmer,Open Road Films (II),100.0
Total Recall,David Sikhosana,Sony Pictures Entertainment (SPE),
The Wife,Björn Runge,Sony Pictures Classics,99.0
Hope Springs,David Frankel,Sony Pictures Entertainment (SPE),100.0
Made in Italy,Luciano Ligabue,IFC Films,100.0
The Kitchen,Ishai Setton,Warner Bros.,80.0
The Darkest Minds,Jennifer Yuh Nelson,Twentieth Century Fox,104.0
Ricki and the Flash,Jonathan Demme,TriStar Pictures,101.0
Hell or High Water,David Mackenzie,Lionsgate,102.0
Nine Lives,Siri Rødnes,EuropaCorp,
Straight Outta Compton,F. Gary Gray,Universal Pictures,147.0
The Diary of a Teenage Girl,Marielle Heller,Sony Pictures Classics,102.0
The Man from U.N.C.L.E.,Guy Ritchie,Warner Bros.,116.0
Sin City: A Dame to Kill For,Frank Miller,,102.0
Learning to Drive,Isabel Coixet,Broad Green Pictures,90.0
We Are Your Friends,Max Joseph,Warner Bros.,96.0
The Gift,J. Jesses Smith,STX Entertainment,
When the Game Stands Tall,Thomas Carter,TriStar Pictures,115.0
Get on Up,Tate Taylor,Universal Pictures,139.0
Logan Lucky,Steven Soderbergh,Bleecker Street Media,118.0
Pete's Dragon,David Lowery,Walt Disney Studios Motion Pictures,102.0
Anthropoid,Sean Ellis,Bleecker Street Media,120.0
The Nut Job 2: Nutty by Nature,Cal Brunker,Open Road Films (II),91.0
Fantastic Four,Josh Trank,Twentieth Century Fox,100.0
War Room,Alex Kendrick,TriStar Pictures,120.0
What If,Thomas Mikey Scrøder Jensen,CBS Films,
Meru,Elizabeth Chai Vasarhelyi,Music Box Films,90.0
War Dogs,Todd Phillips,Warner Bros.,114.0
Mistress America,Noah Baumbach,Fox Searchlight Pictures,84.0
Kubo and the Two Strings,Travis Knight,Focus Features,101.0
Step Up All In,Trish Sie,Lionsgate,112.0
"As Above, So Below",Cooper Holoweski,Universal Pictures,10.0
Mechanic: Resurrection,Dennis Gansel,Lionsgate,98.0
Assassination,Dong-hoon Choi,Well Go USA Entertainment,140.0
Dragon Ball Z: Battle of Gods,Masahiro Hosoda,Screenvision,85.0
Florence Foster Jenkins,Stephen Frears,Paramount Pictures,111.0
Ben-Hur,Timur Bekmambetov,Paramount Pictures,123.0
The Glass Castle,Destin Daniel Cretton,Lionsgate,127.0
The Hitman's Bodyguard,Patrick Hughes,Lionsgate,118.0
The November Man,Roger Donaldson,Relativity Media,108.0
Calvary,John Michael McDonagh,Fox Searchlight Pictures,102.0
Annabelle: Creation,David F. Sandberg,Warner Bros.,109.0
Grandma,Zachary Sharma,Sony Pictures Classics,10.0
The Dark Tower,Nikolaj Arcel,Sony Pictures Entertainment (SPE),95.0
Kidnap,Ahmed Nimal,Aviron Pictures,50.0
American Ultra,Nima Nourizadeh,Lionsgate,96.0
Wind River,Taylor Sheridan,The Weinstein Company,107.0
Hands of Stone,Jonathan Jakubowicz,The Weinstein Company,111.0
Shaun the Sheep Movie,Mark Burton,Lionsgate,85.0
Southside with You,Richard Tanne,Roadside Attractions,84.0
Sinister 2,Ciarán Foy,Focus Features,97.0
Cantinflas,Sebastian del Amo,Lionsgate,102.0
No Escape,John Erick Dowdle,The Weinstein Company,103.0
Hitman: Agent 47,Aleksander Bach,Twentieth Century Fox,96.0
The Expendables 3,Patrick Hughes,Lionsgate,126.0
Sausage Party,Greg Tiernan,Sony Pictures Entertainment (SPE),89.0
Don't Breathe,Nino Kirtadze,Screen Gems,86.0
The Trip to Italy,Michael Winterbottom,IFC Films,108.0
Suicide Squad,David Ayer,Warner Bros.,123.0
Alone,Andrew Balog,Magnolia Pictures,49.0
Hell Fest,Gregory Plotkin,Lionsgate,89.0
Kingsman: The Golden Circle,Matthew Vaughn,Twentieth Century Fox,141.0
The Intern,Nancy Meyers,Warner Bros.,121.0
Mommy,Praveen Gowtham,Roadside Attractions,135.0
Fantastic Fungi,Louie Schwartzberg,Area 23a,
Tenet,Christopher Nolan,Warner Bros.,
Metallica Through the Never,Nimród Antal,,93.0
White Boy Rick,Yann Demange,Studio 8,111.0
The Cold Light of Day,Mabrouk El Mechri,Lionsgate,93.0
Miss Peregrine's Home for Peculiar Children,Tim Burton,Twentieth Century Fox,127.0
American Made,Doug Liman,Universal Pictures,115.0
The Visit,M. Night Shyamalan,Universal Pictures,94.0
The Old Man & the Gun,David Lowery,Fox Searchlight Pictures,93.0
Black Mass,Scott Cooper,Warner Bros.,123.0
Last Ounce of Courage,Darrel Campbell,Rocky Mountain Pictures,101.0
The Skeleton Twins,Craig Johnson,Roadside Attractions,93.0
The Magnificent Seven,Antoine Fuqua,Sony Pictures Entertainment (SPE),132.0
The Lego Ninjago Movie,Charlie Bean,Warner Bros.,101.0
Won't Back Down,Daniel Barnz,Twentieth Century Fox,121.0
Barfi!,Anurag Basu,UTV Motion Pictures,151.0
Sully,Clint Eastwood,Warner Bros.,96.0
Storks,Nicholas Stoller,Warner Bros.,87.0
The Perfect Guy,David M. Rosenthal,Screen Gems,100.0
My Old Lady,Israel Horovitz,Cohen Media Group,107.0
Free Solo,Elizabeth Chai Vasarhelyi,National Geographic Entertainment,100.0
Deepwater Horizon,Peter Berg,Lionsgate,107.0
Chhichhore,Nitesh Tiwari,FIP,
The Family,J. Writer Ward,Relativity Media,
Rambo: Last Blood,Adrian Grunberg,Lionsgate,
Enough Said,Nicole Holofcener,Fox Searchlight Pictures,93.0
It Chapter Two,Andy Muschietti,Warner Bros.,
Judy,Emanuele De Santi,Roadside Attractions,80.0
The Wild Life,Vincent Kesteloot,Lionsgate,91.0
A Man Called Ove,Hannes Holm,Music Box Films,116.0
Riddick,David Twohy,Universal Pictures,119.0
Baggage Claim,David E. Talbert,Fox Searchlight Pictures,96.0
Don Jon,Joseph Gordon-Levitt,Relativity Media,90.0
Pride,Matthew Warchus,CBS Films,119.0
Rush,Ron Howard,Universal Pictures,123.0
Denial,Mick Jackson,Bleecker Street Media,109.0
Morgan,Michael D. Akers,Twentieth Century Fox,89.0
Downton Abbey,Michael Engler,Focus Features,
Hustlers,Lorene Scafaria,STX Entertainment,
Ad Astra,James Gray,Twentieth Century Fox,
Queen of Katwe,Mira Nair,Walt Disney Studios Motion Pictures,124.0
Maze Runner: The Scorch Trials,Wes Ball,Twentieth Century Fox,131.0
Tusk,Kevin Smith,A24,102.0
The Beatles: Eight Days a Week - The Touring Years,Ron Howard,Abramorama,106.0
It,Andy Muschietti,Warner Bros.,135.0
Cloudy with a Chance of Meatballs 2,Cody Cameron,Sony Pictures Entertainment (SPE),95.0
When the Bough Breaks,Praveen Gowtham,Screen Gems,93.0
Colette,María López Torres,Bleecker Street Media,29.0
Peppermint,Pierre Morel,STX Entertainment,101.0
My Hero Academia: Two Heroes,Kenji Nagasaki,FUNimation Entertainment,96.0
Promare,Hiroyuki Imaishi,GKIDS,
3 from Hell,Rob Zombie,Saban Films,
Unbroken: Path to Redemption,Harold Cronk,Pure Flix Entertainment,98.0
Fahrenheit 11/9,Michael Moore,Briarcliff Entertainment,128.0
The Identical,Dustin Marcellino,Freestyle Releasing,107.0
Linda Ronstadt: The Sound of My Voice,Rob Epstein,Greenwich Entertainment,
The Goldfinch,John Crowley,Warner Bros.,
Bridget Jones's Baby,Sharon Maguire,Universal Pictures,123.0
Life Itself,Steve James,Amazon Studios,121.0
The Light Between Oceans,Derek Cianfrance,Walt Disney Studios Motion Pictures,133.0
Prisoners,Denis Villeneuve,Warner Bros.,153.0
The Disappointments Room,D.J. Caruso,Relativity Media,85.0
God Bless the Broken Road,Harold Cronk,Freestyle Releasing,111.0
Hillsong: Let Hope Rise,Michael John Warren,Pure Flix Entertainment,103.0
The Sisters Brothers,Jacques Audiard,Annapurna Pictures,122.0
Masterminds,Jared Hess,Relativity Media,95.0
Battle of the Year,Benson Lee,Screen Gems,110.0
Insidious: Chapter 2,James Wan,FilmDistrict,106.0
Hotel Transylvania 2,Genndy Tartakovsky,Sony Pictures Entertainment (SPE),89.0
Jerusalem,Daniel Ferguson,National Geographic Entertainment,44.0
Blair Witch,Adam Wingard,Lionsgate,89.0
Snowden,Oliver Stone,Open Road Films (II),134.0
No manches Frida,Nacho G. Velilla,Pantelion Films,114.0
Abominable,Todd Wilderman,Universal Pictures,
American Assassin,Michael Cuesta,Lionsgate,112.0
Mother!,Darren Aronofsky,Paramount Pictures,121.0
Til Death Do Us Part,Marcus J. Mosley,,90.0
Pawn Sacrifice,Edward Zwick,Bleecker Street Media,115.0
House at the End of the Street,Mark Tonderai,Relativity Media,101.0
The Nun,Guillaume Nicloux,Warner Bros.,112.0
WARx2,Bernie Olaf,Strasson Group,117.0
The Boxtrolls,Graham Annable,Focus Features,96.0
Friend Request,Aditya Om,Entertainment Studios Motion Pictures,106.0
Malignant,Brandon Calvillo,Warner Bros.,
This Is Where I Leave You,Shawn Levy,Warner Bros.,103.0
Sicario,Denis Villeneuve,Lionsgate,121.0
Huevos: Little Rooster's Egg-cellent Adventure,Melanie Simka,Lionsgate,98.0
A Walk Among the Tombstones,Scott Frank,Universal Pictures,114.0
The Walk,Timothy Fielding,TriStar Pictures,89.0
Everest,Baltasar Kormákur,Universal Pictures,121.0
Smallfoot,Karey Kirkpatrick,Warner Bros.,96.0
Night School,Andrew Cohn,Universal Pictures,85.0
The Perks of Being a Wallflower,Stephen Chbosky,Lionsgate,103.0
The Master,Paul Thomas Anderson,The Weinstein Company,138.0
The Green Inferno,Eli Roth,BH Tilt,100.0
Brad's Status,Mike White,Annapurna Pictures,102.0
I'm Your Man,Mark Heywood,Bleecker Street Media,
Jeepers Creepers III,Victor Salva,Screen Media Films,100.0
Battle of the Sexes,Valerie Faris,Fox Searchlight Pictures,121.0
The Equalizer,Antoine Fuqua,Sony Pictures Entertainment (SPE),132.0
The Maze Runner,Wes Ball,Twentieth Century Fox,113.0
Resident Evil: Retribution,Paul W.S. Anderson,Screen Gems,95.0
Love Story,Florian Habicht,Sony Pictures Entertainment (SPE),92.0
Flatliners,Niels Arden Oplev,Sony Pictures Entertainment (SPE),109.0
Tulip Fever,Justin Chadwick,The Weinstein Company,105.0
Pitch Perfect,Jason Moore,Universal Pictures,112.0
End of Watch,David Ayer,Open Road Films (II),109.0
Do It Like An Hombre,Nicolás López,Pantelion Films,109.0
90 Minutes in Heaven,Michael Polish,The Samuel Goldwyn Company,121.0
Captive,Brillante Mendoza,Paramount Pictures,120.0
A Question of Faith,Kevan Otto,Pure Flix Entertainment,104.0
Looper,Rian Johnson,TriStar Pictures,113.0
Trouble with the Curve,Robert Lorenz,Warner Bros.,111.0
No Good Deed,Sam Miller,Screen Gems,84.0
The House with a Clock in Its Walls,Eli Roth,Universal Pictures,105.0
Dredd,Pete Travis,Lionsgate,95.0
The Predator,Shane Black,Twentieth Century Fox,107.0
Ava,Sabine Nawrath,Vertical Entertainment,88.0
Loving Vincent,Dorota Kobiela,Good Deed Entertainment,94.0
The Nest,Helias Doulis,IFC Films,62.0
A Walk in the Woods,Ken Kwapis,Broad Green Pictures,104.0
The Words,Brian Klugman,CBS Films,102.0
Victoria & Abdul,Stephen Frears,Focus Features,111.0
Arbitrage,Nicholas Jarecki,Roadside Attractions,107.0
Wadjda,Haifaa Al-Mansour,Sony Pictures Classics,98.0
The Drop,Michaël R. Roskam,Fox Searchlight Pictures,106.0
Follow Me,Will Wernick,Vertical Entertainment,
The Transporter Refueled,Camille Delamarre,EuropaCorp,96.0
Leap,Chris Tempel,Jetsen Huashi Media US,80.0
A Simple Favor,Paul Feig,Lionsgate,117.0
Meet the Patels,Geeta Patel,Alchemy,88.0
Stronger,Florian Eckhardt,Roadside Attractions,47.0
99 Homes,Ramin Bahrani,Broad Green Pictures,112.0
Hotel Transylvania,Genndy Tartakovsky,Sony Pictures Entertainment (SPE),91.0
Home Again,Hallie Meyers-Shyer,Open Road Films (II),97.0
Dolphin Tale 2,Charles Martin Smith,Warner Bros.,107.0
The Birth of a Nation,Nate Parker,Fox Searchlight Pictures,120.0
12 Years a Slave,Steve McQueen,Fox Searchlight Pictures,134.0
The Last Witch Hunter,Breck Eisner,Lionsgate,106.0
Keeping Up with the Joneses,Greg Mottola,Twentieth Century Fox,105.0
Parasite,Ruairi Robinson,Neon,
Steve Jobs,Danny Boyle,Universal Pictures,122.0
Paranormal Activity: The Ghost Dimension,Gregory Plotkin,Paramount Pictures,88.0
The Martian,Ridley Scott,Twentieth Century Fox,144.0
Scouts Guide to the Zombie Apocalypse,Christopher Landon,Paramount Pictures,93.0
Suffragette,Sarah Gavron,Focus Features,106.0
Room,Lenny Abrahamson,A24,118.0
Crimson Peak,Guillermo del Toro,Universal Pictures,119.0
Gemini Man,Ang Lee,Paramount Pictures,
Carrie,Kimberly Peirce,Screen Gems,100.0
Taken 2,Olivier Megaton,Twentieth Century Fox,92.0
Argo,Ben Affleck,Warner Bros.,120.0
Force Majeure,Ruben Östlund,Magnolia Pictures,120.0
Pan,Joe Wright,Warner Bros.,111.0
Burnt,Jesse Richards,The Weinstein Company,
Jojo Rabbit,Taika Waititi,Fox Searchlight Pictures,
Countdown,Justin Dec,STX Entertainment,
Woodlawn,Andrew Erwin,Pure Flix Entertainment,123.0
Our Brand Is Crisis,David Gordon Green,Warner Bros.,107.0
Birdman or (The Unexpected Virtue of Ignorance),Alejandro G. Iñárritu,Fox Searchlight Pictures,119.0
Black and Blue,Deon Taylor,Screen Gems,
The Lighthouse,Chris Crow,A24,102.0
Lamb,Yared Zeleke,A24,94.0
Ladrones,Joe Menendez,Lionsgate,97.0
Gravity,Alfonso Cuarón,Warner Bros.,91.0
Jem and the Holograms,Jon M. Chu,Universal Pictures,118.0
The War with Grandpa,Tim Hill,101 Studios,141.0
The French Dispatch,Wes Anderson,Searchlight Pictures,
Ron's Gone Wrong,Alessandro Carloni,20th Century Studios,
Bridge of Spies,Steven Spielberg,Walt Disney Studios Motion Pictures,142.0
Jack Reacher: Never Go Back,Edward Zwick,Paramount Pictures,118.0
English Vinglish,Gauri Shinde,Eros Worldwide,134.0
Silent Hill: Revelation,M.J. Bassett,Open Road Films (II),95.0
Honest Thief,Mark Williams,Open Road Films (II),
Dune,Denis Villeneuve,Warner Bros.,
Boo! A Madea Halloween,Tyler Perry,Lionsgate,103.0
Seven Psychopaths,Martin McDonagh,CBS Films,110.0
The Girl on the Train,Anthony Banks,Universal Pictures,
Alex Cross,Rob Cohen,Lionsgate,101.0
Atlas Shrugged II: The Strike,John Putch,Atlas Distribution Company,111.0
The Empty Man,Jeff Edmond,20th Century Studios,57.0
After We Collided,Praveen Gowtham,Open Road Films (II),
The Accountant,Gavin O'Connor,Warner Bros.,128.0
Fun Size,Josh Schwartz,Paramount Pictures,86.0
The Sessions,Ben Lewin,Fox Searchlight Pictures,95.0
Chasing Mavericks,Michael Apted,Twentieth Century Fox,116.0
Heaven,Margarita Poseck Menz,LAMA Distribution,56.0
Yellow Rose,Diane Paragas,Stage 6 Films,
Spell,Brendan Walter,Paramount Pictures,87.0
Antlers,John Strelec,Searchlight Pictures,
Goosebumps,Rob Letterman,Sony Pictures Entertainment (SPE),103.0
The Many Saints of Newark,Alan Taylor,Warner Bros.,
Rock the Kasbah,Barry Levinson,Open Road Films (II),106.0
Paranormal Activity 4,Ariel Schulman,Paramount Pictures,88.0
Sinister,Scott Derrickson,Lionsgate,110.0
Middle School: The Worst Years of My Life,Steve Carr,Lionsgate,92.0
Ends of the Earth,Pedro Guevara Mann,Collide Distribution,54.0
Here Comes the Boom,Frank Coraci,Sony Pictures Entertainment (SPE),105.0
Kevin Hart: What Now?,Leslie Small,Universal Pictures,96.0
Captain Phillips,Paul Greengrass,Sony Pictures Entertainment (SPE),134.0
The Rescue,Dante Lam,Greenwich Entertainment,
He Named Me Malala,Davis Guggenheim,Fox Searchlight Pictures,88.0
Moonlight,Jill Wong,A24,87.0
War,Simon Jaquemet,Yash Raj Films,106.0
Jay and Silent Bob Reboot,Kevin Smith,Saban Films,
Pain and Glory,Pedro Almodóvar,Sony Pictures Classics,113.0
Cloud Atlas,Tom Tykwer,Warner Bros.,172.0
Housefull 4,Farhad Samji,FIP,
Frankenweenie,Tim Burton,Walt Disney Studios Motion Pictures,87.0
Truth,James Vanderbilt,Sony Pictures Classics,125.0
Ouija: Origin of Evil,Mike Flanagan,Universal Pictures,99.0
Inferno,Patrick Fileti,Sony Pictures Entertainment (SPE),16.0
John Wick,David Leitch,Lionsgate,101.0
Gone Girl,David Fincher,Twentieth Century Fox,149.0
Addicted,Bille Woodruff,Lionsgate,106.0
Only the Brave,Joseph Kosinski,Sony Pictures Entertainment (SPE),134.0
The Foreigner,Martin Campbell,STX Entertainment,113.0
Halloween,David Gordon Green,Universal Pictures,106.0
Kill the Messenger,Michael Cuesta,Focus Features,112.0
Jigsaw,Michael Spierig,Lionsgate,92.0
Citizenfour,Laura Poitras,RADiUS-TWC,114.0
All Is Lost,J.C. Chandor,Roadside Attractions,106.0
Venom,Gary Breslin,Sony Pictures Entertainment (SPE),92.0
A Star Is Born,Bradley Cooper,Warner Bros.,136.0
I'm in Love with a Church Girl,Steve Race,High Top Releasing,118.0
Grace Unplugged,Brad J. Silverman,Roadside Attractions,102.0
Before I Go to Sleep,Rowan Joffe,Clarius Entertainment,92.0
Awake: The Life of Yogananda,Paola di Florio,,87.0
Joker,Shirish Kunder,Warner Bros.,104.0
The Counselor,Ridley Scott,Twentieth Century Fox,117.0
Fury,David Ayer,Sony Pictures Entertainment (SPE),134.0
The Best of Me,Michael Hoffman,Relativity Media,118.0
Annabelle,John R. Leonetti,Warner Bros.,99.0
The Killing of a Sacred Deer,Yorgos Lanthimos,A24,121.0
The Good Lie,Philippe Falardeau,Warner Bros.,110.0
Johnny English Strikes Again,David Kerr,Universal Pictures,89.0
First Man,Damien Chazelle,Universal Pictures,141.0
The Mountain Between Us,Hany Abu-Assad,Twentieth Century Fox,112.0
Bang Bang,Siddharth Anand,FIP,153.0
I'm Not Ashamed,Brian Baugh,Pure Flix Entertainment,112.0
Whiplash,Damien Chazelle,Sony Pictures Classics,106.0
Machete Kills,Robert Rodriguez,Open Road Films (II),107.0
Gosnell: The Trial of America's Biggest Serial Killer,Nick Searcy,GVN Releasing,93.0
Left Behind,Christopher Macias,Freestyle Releasing,24.0
Indivisible,Hilary Linder,Pure Flix Entertainment,78.0
My Little Pony: The Movie,Jayson Thiessen,Lionsgate,99.0
Geostorm,Dean Devlin,Warner Bros.,109.0
The Saratov Approach,Garrett Batty,Purdie Distribution,107.0
Blade Runner 2049,Denis Villeneuve,Warner Bros.,164.0
Suspiria,Luca Guadagnino,Amazon Studios,152.0
Marshall,Reginald Hudlin,Open Road Films (II),118.0
"Alexander and the Terrible, Horrible, No Good, Very Bad Day",Miguel Arteta,Walt Disney Studios Motion Pictures,81.0
Beautiful Boy,Shawn Ku,Amazon Studios,100.0
Bad Times at the El Royale,Drew Goddard,Twentieth Century Fox,141.0
Maleficent: Mistress of Evil,Joachim Rønning,Walt Disney Studios Motion Pictures,
Happy Death Day,Christopher Landon,Universal Pictures,96.0
Thank You for Your Service,Tom Donahue,Universal Pictures,88.0
Hunter Killer,Donovan Marsh,Lionsgate,122.0
Let There Be Light,Peter Swanson,Atlas Distribution Company,97.0
Max Steel,Stewart Hendler,Open Road Films (II),92.0
Escape Plan,Mikael Håfström,Lionsgate,115.0
Pulling Strings,Pitipol Ybarra,Lionsgate,111.0
The Book of Life,Marco Lui,Twentieth Century Fox,
Suburbicon,George Clooney,Paramount Pictures,105.0
The Florida Project,Sean Baker,A24,111.0
The Addams Family,Greg Tiernan,United Artists Releasing,
The Judge,David Dobkin,Warner Bros.,141.0
Same Kind of Different as Me,Michael Carney,Pure Flix Entertainment,119.0
Ae Dil Hai Mushkil,Karan Johar,FIP,158.0
The Snowman,Tomas Alfredson,Universal Pictures,119.0
Zombieland: Double Tap,Ruben Fleischer,Sony Pictures Entertainment (SPE),
Can You Ever Forgive Me?,Marielle Heller,Fox Searchlight Pictures,106.0
St. Vincent,Theodore Melfi,The Weinstein Company,102.0
The Fifth Estate,Bill Condon,Walt Disney Studios Motion Pictures,128.0
Runner Runner,Brad Furman,Twentieth Century Fox,88.0
Ouija,Stiles White,Universal Pictures,89.0
Boo 2! A Madea Halloween,Tyler Perry,Lionsgate,101.0
Nightcrawler,Dan Gilroy,Open Road Films (II),117.0
Mid90s,Jonah Hill,A24,85.0
Meet the Mormons,Blair Treu,Purdie Distribution,78.0
Dear White People,Justin Simien,Roadside Attractions,108.0
Dracula Untold,Gary Shore,Universal Pictures,92.0
The Hate U Give,George Tillman Jr.,Twentieth Century Fox,133.0
Widows,Marcos Carnevale,Twentieth Century Fox,100.0
Love the Coopers,Jessie Nelson,Lionsgate,107.0
Vanguard,Eric Wadsworth,Gravitas Ventures,56.0
The Climb,Ludovic Bernard,Sony Pictures Classics,103.0
A Bad Moms Christmas,Scott Moore,STX Entertainment,104.0
Echo Boomers,Seth Savoy,Saban Films,
Rust and Bone,Jacques Audiard,Sony Pictures Classics,120.0
Arrival,Kirby Hammond,Paramount Pictures,
Overlord,Julius Avery,Paramount Pictures,110.0
The Favourite,Yorgos Lanthimos,Fox Searchlight Pictures,119.0
The Star,Timothy Reckart,Sony Pictures Entertainment (SPE),86.0
Lady Bird,Greta Gerwig,A24,94.0
"Three Billboards Outside Ebbing, Missouri",Martin McDonagh,Fox Searchlight Pictures,115.0
The Great Beauty,Paolo Sorrentino,Janus Films,141.0
Nobody's Fool,Tyler Perry,Paramount Pictures,110.0
Robin Hood,Ridley Scott,Lionsgate,140.0
Darkest Hour,Joe Wright,Focus Features,125.0
Hitchcock,Sacha Gervasi,Fox Searchlight Pictures,98.0
The Christmas Candle,John Stephenson,EchoLight Studios,100.0
Oldboy,Spike Lee,FilmDistrict,104.0
The Girl in the Spider's Web,Fede Alvarez,Sony Pictures Entertainment (SPE),115.0
Krrish 3,Rakesh Roshan,Eros Worldwide,152.0
Hacksaw Ridge,Mel Gibson,Lionsgate,139.0
Trolls,Mike Mitchell,Twentieth Century Fox,92.0
The Possession of Hannah Grace,Diederik Van Rooijen,Screen Gems,86.0
The Collection,Marcus Dunstan,LD Entertainment,82.0
The Informer,Andrea Di Stefano,Vertical Entertainment,113.0
Let Him Go,Thomas Bezucha,Focus Features,
Jab Tak Hai Jaan,Yash Chopra,Yash Raj Films,176.0
Terminator: Dark Fate,Tim Miller,Paramount Pictures,
Ammonite,Francis Lee,Neon,
Trumbo,Jay Roach,Bleecker Street Media,124.0
Rise of the Guardians,Peter Ramsey,DreamWorks,97.0
Flight,Robert Zemeckis,Paramount Pictures,138.0
Horrible Bosses 2,Sean Anders,Warner Bros.,108.0
Victor Frankenstein,Paul McGuigan,Twentieth Century Fox,110.0
Life of Pi,Ang Lee,Twentieth Century Fox,127.0
LBJ,Rob Reiner,Electric Entertainment,98.0
Penguins of Madagascar,Eric Darnell,Twentieth Century Fox,92.0
Spotlight,Sunkanmi Adebayo,Open Road Films (II),99.0
"Roman J. Israel, Esq.",Dan Gilroy,Sony Pictures Entertainment (SPE),122.0
Dumb and Dumber To,Peter Farrelly,Universal Pictures,109.0
The Imitation Game,Morten Tyldum,The Weinstein Company,114.0
Pokémon the Movie: I Choose You!,Kunihiko Yuyama,Fathom Events,98.0
Julia,J. Jackie Baier,Sony Pictures Classics,89.0
The Theory of Everything,James Marsh,Focus Features,123.0
The Night Before,Brett Bentman,Sony Pictures Entertainment (SPE),81.0
Skyfall,Sam Mendes,Sony Pictures Entertainment (SPE),143.0
The Twilight Saga: Breaking Dawn - Part 2,Bill Condon,Lionsgate,115.0
Secret in Their Eyes,Billy Ray,STX Entertainment,111.0
The Man Who Invented Christmas,Bharat Nalluri,Bleecker Street Media,104.0
Wreck-It Ralph,Rich Moore,Walt Disney Studios Motion Pictures,101.0
Lincoln,Steven Spielberg,Walt Disney Studios Motion Pictures,150.0
Brooklyn,Pascal Tessaud,Fox Searchlight Pictures,83.0
The 33,Patricia Riggen,Warner Bros.,127.0
Silver Linings Playbook,David O. Russell,The Weinstein Company,122.0
The Danish Girl,Tom Hooper,Focus Features,119.0
Carol,Todd Haynes,The Weinstein Company,118.0
Doctor Strange,Scott Derrickson,Walt Disney Studios Motion Pictures,115.0
For the Love of Money,Praveen Gowtham,Freestyle Releasing,90.0
Legend,Brian Helgeland,Universal Pictures,132.0
Interstellar,Christopher Nolan,Paramount Pictures,169.0
Clifford the Big Red Dog,Walt Becker,Paramount Pictures,
Instant Family,Sean Anders,Paramount Pictures,118.0
The Man with the Iron Fists,RZA,Universal Pictures,95.0
Big Hero 6,Don Hall,Walt Disney Studios Motion Pictures,102.0
The Nutcracker and the Four Realms,Lasse Hallström,Walt Disney Studios Motion Pictures,99.0
Foxcatcher,Bennett Miller,Sony Pictures Classics,134.0
Anna Karenina,Praveen Gowtham,Focus Features,
The Hunger Games: Mockingjay - Part 1,Francis Lawrence,Lionsgate,123.0
Moana,Don Hall,Walt Disney Studios Motion Pictures,107.0
Fantastic Beasts and Where to Find Them,David Yates,Warner Bros.,132.0
Killing Them Softly,Andrew Dominik,The Weinstein Company,97.0
Red Dawn,Dan Bradley,FilmDistrict,93.0
Green Book,Peter Farrelly,Universal Pictures,130.0
Anita,Freida Lee Mock,CMC Pictures,95.0
The Grinch,Yarrow Cheney,Universal Pictures,85.0
Bohemian Rhapsody,Bryan Singer,Twentieth Century Fox,134.0
Ralph Breaks the Internet,Rich Moore,Walt Disney Studios Motion Pictures,112.0
Fantastic Beasts: The Crimes of Grindelwald,David Yates,Warner Bros.,134.0
Call Me by Your Name,Luca Guadagnino,Sony Pictures Classics,132.0
Spencer,Geoff Lerer,Neon,74.0
Creed II,Steven Caple Jr.,Metro-Goldwyn-Mayer (MGM),130.0
My All-American,Angelo Pizzo,Clarius Entertainment,118.0
Beyond the Lights,Gina Prince-Bythewood,Relativity Media,116.0
Sooryavanshi,Rohit Shetty,Reliance Entertainment,
Murder on the Orient Express,Kenneth Branagh,Twentieth Century Fox,114.0
Dark Waters,Andrew Gale,Focus Features,76.0
Knives Out,Przemyslaw Wojcieszek,Lionsgate,90.0
Creed,Stan Harrington,Warner Bros.,77.0
Loving,Jeff Nichols,Focus Features,123.0
21 Bridges,Brian Kirk,STX Entertainment,
Journey to the South Pacific,Greg MacGillivray,IMAX,40.0
Thor: Ragnarok,Taika Waititi,Walt Disney Studios Motion Pictures,130.0
Justice League,Zack Snyder,Warner Bros.,120.0
Doctor Sleep,Mike Flanagan,Warner Bros.,
Rules Don't Apply,Warren Beatty,Twentieth Century Fox,127.0
Philomena,Stephen Frears,The Weinstein Company,98.0
Last Christmas,Christiano Pahler,Universal Pictures,
Honey Boy,Alma Har'el,Amazon Studios,93.0
Coco,Praveen Gowtham,Walt Disney Studios Motion Pictures,
Homefront,Chip Rossetti,Open Road Films (II),111.0
Black Nativity,Kasi Lemmons,Fox Searchlight Pictures,93.0
Ford v Ferrari,James Mangold,Twentieth Century Fox,
Boy Erased,Joel Edgerton,Focus Features,115.0
Better Days,Alessio Di Giambattista,Well Go USA Entertainment,
The Book Thief,Brian Percival,Twentieth Century Fox,131.0
Miss Sloane,John Madden,EuropaCorp,132.0
Nebraska,Alexander Payne,Paramount Pictures,115.0
The Homesman,Tommy Lee Jones,Saban Films,122.0
The Good Liar,Bill Condon,Warner Bros.,
Ender's Game,Gavin Hood,Lionsgate,114.0
The Edge of Seventeen,Kelly Fremon Craig,STX Entertainment,104.0
Last Vegas,Jon Turteltaub,CBS Films,105.0
The Hunger Games: Mockingjay - Part 2,Francis Lawrence,Lionsgate,137.0
The Best Man Holiday,Malcolm D. Lee,Universal Pictures,123.0
Spectre,Sam Mendes,Sony Pictures Entertainment (SPE),148.0
Qué León,Frank Perozo,Spanglish Movies,93.0
Charlie's Angels,Elizabeth Banks,Sony Pictures Entertainment (SPE),
Dear Zindagi,Gauri Shinde,Reliance Big Pictures,151.0
At Eternity's Gate,Julian Schnabel,CBS Films,111.0
Elle,Geraldine Brezca,Sony Pictures Classics,57.0
Shoplifters,Hirokazu Koreeda,Magnolia Pictures,121.0
Nocturnal Animals,Tom Ford,Focus Features,116.0
Mandela: Long Walk to Freedom,Justin Chadwick,The Weinstein Company,141.0
Bad Santa 2,Mark Waters,Broad Green Pictures,92.0
Frozen II,Chris Buck,Walt Disney Studios Motion Pictures,
Motherless Brooklyn,Edward Norton,Warner Bros.,
The Eagle Huntress,Otto Bell,Sony Pictures Classics,87.0
About Time,Richard Curtis,Universal Pictures,123.0
The Peanuts Movie,Steve Martino,Twentieth Century Fox,88.0
The Good Dinosaur,Peter Sohn,Walt Disney Studios Motion Pictures,93.0
2.0,S. Shankar,,148.0
Burn the Stage: The Movie,Jun-Soo Park,Trafalgar Releasing,84.0
Free Birds,Jimmy Hayward,Relativity Media,91.0
Midway,Roland Emmerich,Lionsgate,
Waves,Grzegorz Zariczny,A24,71.0
The Hunger Games: Catching Fire,Francis Lawrence,Lionsgate,146.0
Queen & Slim,Melina Matsoukas,Universal Pictures,
Manchester by the Sea,Kenneth Lonergan,Roadside Attractions,137.0
Chasing Ice,Jeff Orlowski,Submarine Deluxe,75.0
Delivery Man,Ken Scott,Walt Disney Studios Motion Pictures,105.0
Harriet,Kasi Lemmons,Focus Features,
Lion,Troy Murray,The Weinstein Company,70.0
Dallas Buyers Club,Jean-Marc Vallée,Focus Features,117.0
Frozen,Adam Green,Walt Disney Studios Motion Pictures,93.0
A Late Quartet,Yaron Zilberman,Entertainment One,105.0
Shut In,Farren Blackburn,EuropaCorp,91.0
Bleed for This,Ben Younger,Open Road Films (II),117.0
Almost Christmas,David E. Talbert,Universal Pictures,111.0
Playing with Fire,Andy Fickman,Paramount Pictures,
A Beautiful Day in the Neighborhood,Marielle Heller,Sony Pictures Entertainment (SPE),
Thor: The Dark World,Alan Taylor,Walt Disney Studios Motion Pictures,112.0
Rosewater,Jon Stewart,Open Road Films (II),103.0
Allied,Robert Zemeckis,Paramount Pictures,124.0
A Royal Affair,Nikolaj Arcel,Magnolia Pictures,137.0
Wonder,Stephen Chbosky,Lionsgate,113.0
Grudge Match,Peter Segal,Warner Bros.,113.0
Wild,Luc Enting,Fox Searchlight Pictures,80.0
Benedetta,Paul Verhoeven,IFC Films,
Flee,Emeka Okoro,Neon,
Youth,Xiaogang Feng,Fox Searchlight Pictures,135.0
Night at the Museum: Secret of the Tomb,Shawn Levy,Twentieth Century Fox,98.0
Just Getting Started,Ron Shelton,Broad Green Pictures,91.0
Annie,Will Gluck,Sony Pictures Entertainment (SPE),118.0
Little Women,Clare Niederpruem,Sony Pictures Entertainment (SPE),112.0
"Two Days, One Night",Jean-Pierre Dardenne,IFC Films,95.0
Point Break,Ericson Core,Warner Bros.,114.0
The Guilt Trip,Anne Fletcher,Paramount Pictures,95.0
Incarnate,Brad Peyton,BH Tilt,91.0
Chi-Raq,Spike Lee,Roadside Attractions,127.0
Father Figures,Lawrence Sher,Warner Bros.,113.0
A Madea Christmas,Tyler Perry,Lionsgate,100.0
Into the Woods,Julien Crampes,Walt Disney Studios Motion Pictures,
In the Heart of the Sea,Ron Howard,Warner Bros.,122.0
Aquaman,James Wan,Warner Bros.,143.0
Top Five,Chris Rock,Paramount Pictures,102.0
The Hobbit: An Unexpected Journey,Peter Jackson,Warner Bros.,169.0
20th Century Women,Mike Mills,A24,119.0
Dangal,Nitesh Tiwari,UTV Motion Pictures,161.0
Live by Night,Ben Affleck,Warner Bros.,129.0
Inside Llewyn Davis,Joel Coen,CBS Films,104.0
Unbroken,Tayo Osasona,Universal Pictures,104.0
Ode to My Father,JK Youn,CJ Entertainment,126.0
Her,Spike Jonze,Warner Bros.,126.0
Uncut Gems,Benny Safdie,A24,
Bajirao Mastani,Sanjay Leela Bhansali,Eros Worldwide,158.0
47 Ronin,Carl Rinsch,Universal Pictures,128.0
The Gambler,Ross Whitaker,Paramount Pictures,52.0
The Leisure Seeker,Paolo Virzì,Sony Pictures Classics,112.0
Selma,Ava DuVernay,Paramount Pictures,128.0
Zero Dark Thirty,Kathryn Bigelow,Sony Pictures Entertainment (SPE),157.0
Silence,Sonja Bertucci,Paramount Pictures,7.0
Django Unchained,Quentin Tarantino,The Weinstein Company,165.0
1917,Sam Mendes,Universal Pictures,
A Monster Calls,J.A. Bayona,Focus Features,108.0
Just Mercy,Destin Daniel Cretton,Warner Bros.,
Krampus,Michael Dougherty,Universal Pictures,98.0
The Lady in the Van,Nicholas Hytner,Sony Pictures Classics,104.0
Exodus: Gods and Kings,Ridley Scott,Twentieth Century Fox,150.0
Parental Guidance,Andy Fickman,Twentieth Century Fox,105.0
Star Wars: Episode VII - The Force Awakens,J.J. Abrams,Walt Disney Studios Motion Pictures,136.0
Tiger Zinda Hai,Ali Abbas Zafar,Yash Raj Films,161.0
Concussion,Nick Thurlow,Sony Pictures Entertainment (SPE),
Anomalisa,Duke Johnson,Paramount Pictures,90.0
Cats,Gary Wang,Universal Pictures,90.0
45 Years,Andrew Haigh,IFC Films,91.0
Jack Reacher,Christopher McQuarrie,Paramount Pictures,130.0
The Witches,Robert Zemeckis,Warner Bros.,
Walking with Dinosaurs 3D,Neil Nightingale,Twentieth Century Fox,87.0
Dilwale,Rohit Shetty,UTV Motion Pictures,158.0
This Is 40,Judd Apatow,Universal Pictures,134.0
August: Osage County,John Wells,The Weinstein Company,121.0
Assassin's Creed,Justin Kurzel,Twentieth Century Fox,115.0
Jackie,Bryian Keith Montgomery Jr.,Fox Searchlight Pictures,108.0
Alvin and the Chipmunks: The Road Chip,Walt Becker,Twentieth Century Fox,92.0
Spies in Disguise,Nick Bruno,Twentieth Century Fox,
La La Land,Damien Chazelle,Lionsgate,128.0
The Interview,Leonard Gwinn,Sony Pictures Entertainment (SPE),73.0
Sisters,Prachya Pinkaew,Universal Pictures,
The Greatest Showman,Michael Gracey,Twentieth Century Fox,105.0
Inherent Vice,Paul Thomas Anderson,Warner Bros.,148.0
American Hustle,David O. Russell,Sony Pictures Entertainment (SPE),138.0
Second Act,Peter Segal,STX Entertainment,103.0
The Pyramid,Roberto Albanesi,Twentieth Century Fox,90.0
PK,Rajkumar Hirani,UTV Motion Pictures,153.0
Hyde Park on Hudson,Roger Michell,Focus Features,94.0
Amour,Michael Haneke,Sony Pictures Classics,127.0
Joy,Praveen Gowtham,Twentieth Century Fox,
Promised Land,Ashley Harris,Focus Features,46.0
Patriots Day,Peter Berg,Lionsgate,133.0
A Hidden Life,Terrence Malick,Fox Searchlight Pictures,173.0
Passengers,Morten Tyldum,Sony Pictures Entertainment (SPE),116.0
Holmes & Watson,Etan Cohen,Sony Pictures Entertainment (SPE),90.0
A Most Violent Year,J.C. Chandor,A24,125.0
Fences,Narayanan Kartha,Paramount Pictures,117.0
Pitch Perfect 3,Trish Sie,Universal Pictures,93.0
The Big Short,Adam McKay,Paramount Pictures,130.0
Why Him?,John Hamburg,Twentieth Century Fox,111.0
Welcome to Marwen,Robert Zemeckis,Universal Pictures,116.0
Monster Hunter,Paul W.S. Anderson,Screen Gems,
Ferdinand,Carlos Saldanha,Twentieth Century Fox,108.0
The Post,Steven Spielberg,Twentieth Century Fox,116.0
The Shape of Water,Guillermo del Toro,Fox Searchlight Pictures,123.0
Wonder Woman 1984,Patty Jenkins,Warner Bros.,
Dabangg 2,Arbaaz Khan,Eros Worldwide,120.0
Promising Young Woman,Emerald Fennell,Focus Features,
If Beale Street Could Talk,Barry Jenkins,Annapurna Pictures,119.0
Portrait of a Lady on Fire,Céline Sciamma,Neon,119.0
Mortal Engines,Christian Rivers,Universal Pictures,128.0
Mary Queen of Scots,Thomas Imbach,Focus Features,119.0
Mr. Turner,Mike Leigh,Sony Pictures Classics,150.0
They Shall Not Grow Old,Paul Wheatcroft,Warner Bros.,47.0
Half Brothers,Christian Alvart,Focus Features,117.0
Justin Bieber's Believe,Jon M. Chu,Open Road Films (II),92.0
The Hobbit: The Desolation of Smaug,Peter Jackson,Warner Bros.,161.0
Pinocchio,Guillermo del Toro,Roadside Attractions,
On the Basis of Sex,Mimi Leder,Focus Features,120.0
Collateral Beauty,David Frankel,Warner Bros.,97.0
Anchorman 2: The Legend Continues,Adam McKay,Paramount Pictures,119.0
Lone Survivor,Peter Berg,Universal Pictures,121.0
The Letters,Ken'ichi Ohmori,Freestyle Releasing,98.0
Paterson,Jim Jarmusch,Bleecker Street Media,118.0
Son of Saul,László Nemes,Sony Pictures Classics,107.0
The Revenant,Josh Jones,Twentieth Century Fox,80.0
Downsizing,Alexander Payne,Paramount Pictures,135.0
West Side Story,Steven Spielberg,20th Century Studios,
The Hateful Eight,Quentin Tarantino,The Weinstein Company,168.0
Saving Mr. Banks,John Lee Hancock,Walt Disney Studios Motion Pictures,125.0
Phantom Thread,Paul Thomas Anderson,Focus Features,130.0
The Disaster Artist,James Franco,A24,104.0
The Impossible,J.A. Bayona,Lionsgate,114.0
Office Christmas Party,Josh Gordon,Paramount Pictures,105.0
Big Eyes,Praveen Gowtham,The Weinstein Company,
Dhoom 3,Vijay Krishna Acharya,Yash Raj Films,172.0
The Mule,Clint Eastwood,Warner Bros.,116.0
Nightmare Alley,Scarlet Fry,Searchlight Pictures,88.0
Bumblebee,Travis Knight,Paramount Pictures,114.0
'83,Kabir Khan,Reliance Entertainment,
Mary Poppins Returns,Rob Marshall,Walt Disney Studios Motion Pictures,130.0
The Secret Life of Walter Mitty,Ben Stiller,Twentieth Century Fox,114.0
Spider-Man: Into the Spider-Verse,Peter Ramsey,Sony Pictures Entertainment (SPE),117.0
Out of the Furnace,Scott Cooper,Relativity Media,116.0
Daddy's Home,Sean Anders,Paramount Pictures,96.0
Stan & Ollie,Jon S. Baird,Sony Pictures Classics,98.0
Hidden Figures,Theodore Melfi,Twentieth Century Fox,127.0
Simmba,Rohit Shetty,Reliance Big Pictures,158.0
American Sniper,Clint Eastwood,Warner Bros.,133.0
Jumanji: Welcome to the Jungle,Jake Kasdan,Sony Pictures Entertainment (SPE),119.0
Amazing Grace,Kôji Kawano,Neon,
Vice,Brian A. Miller,Annapurna Pictures,96.0
Sing,Christophe Lourdelet,Universal Pictures,108.0
The Wolf of Wall Street,Martin Scorsese,Paramount Pictures,180.0
"I, Tonya",Craig Gillespie,Neon,120.0
Hostiles,Scott Cooper,Entertainment Studios Motion Pictures,134.0
Cirque du Soleil: Worlds Away,Andrew Adamson,Paramount Pictures,91.0
Playing for Keeps,Gabriele Muccino,FilmDistrict,105.0
The Hobbit: The Battle of the Five Armies,Peter Jackson,Warner Bros.,144.0
Molly's Game,Aaron Sorkin,STX Entertainment,140.0
All the Money in the World,Ridley Scott,TriStar Pictures,132.0
Rogue One: A Star Wars Story,Gareth Edwards,Walt Disney Studios Motion Pictures,133.0
Ben Is Back,Peter Hedges,Roadside Attractions,103.0
Mr. Six,Hu Guan,China Lion Film Distribution,134.0
Sing 2,Christophe Lourdelet,Universal Pictures,
