primary_title,genre1,genre2,genre3
Gimme Shelter,Drama,,
One for the Money,Action,Comedy,Crime
The Little Things,Documentary,Sport,
Parker,Action,Crime,Thriller
Albert Nobbs,Drama,Romance,
Paranormal Activity: The Marked Ones,Horror,Mystery,Thriller
Haywire,Action,Drama,Thriller
Man on a Ledge,Action,Adventure,Crime
Quartet,Comedy,Drama,
The Finest Hours,Action,Drama,History
The Forest,Horror,Thriller,
Split,Crime,,
Broken City,Crime,Drama,Thriller
Mama,Drama,,
Taken 3,Action,Thriller,
Gold,Adventure,Drama,Thriller
Joyful Noise,Comedy,Drama,Music
Weathering with You,Animation,Fantasy,Romance
Panga,,,
13 Hours,Action,Drama,History
Mary and the Witch's Flower,Adventure,Animation,Family
The Last Stand,Drama,,
The Boy,Drama,Horror,Thriller
Dirty Grandpa,Comedy,,
The 5th Wave,Action,Adventure,Drama
Paddington,Adventure,Comedy,Family
That Awkward Moment,Comedy,Romance,
Glass,,,
Belle,,,
Dragon Ball Super: Broly,Action,Adventure,Animation
A Haunted House,Comedy,Fantasy,
The Assistant,Drama,Thriller,
Gangster Squad,Action,Crime,Drama
A Dog's Way Home,Adventure,Drama,Family
Underworld: Blood Wars,Action,Adventure,Fantasy
Monster Trucks,Action,Adventure,Comedy
Beanpole,Drama,,
Mystify: Michael Hutchence,Documentary,,
The Traitor,Biography,Crime,Drama
Hansel & Gretel: Witch Hunters,Action,Fantasy,Horror
xXx: Return of Xander Cage,Action,Adventure,Thriller
Chhapaak,Biography,,
A Dog's Purpose,Adventure,Comedy,Drama
Resident Evil: The Final Chapter,Action,Horror,Sci-Fi
The Bye Bye Man,Drama,Fantasy,Horror
The Founder,Biography,Drama,History
The Rhythm Section,Action,Mystery,Thriller
The Upside,Comedy,Drama,
"I, Frankenstein",Action,Fantasy,Horror
Labor Day,Drama,Romance,
The Legend of Hercules,Action,Adventure,Fantasy
Escape Room,Horror,Thriller,
Devil's Due,Horror,Mystery,Thriller
Sleepless,Drama,,
The Last Full Measure,Drama,War,
Movie 43,Comedy,,
Ride Along,Action,,
Paddington 2,Adventure,Comedy,Family
Bad Boys for Life,Action,Comedy,Crime
The Commuter,Action,Mystery,Thriller
12 Strong,Action,Drama,History
The Woman in Black 2: Angel of Death,Drama,Horror,Thriller
Replicas,Drama,Sci-Fi,Thriller
Fifty Shades of Black,Comedy,,
Uri: The Surgical Strike,Action,Drama,War
Gloria,Biography,Drama,Music
The Patriarch,Action,Crime,Thriller
Blackhat,Action,Crime,Thriller
Mortdecai,Action,Comedy,Crime
Ip Man 3,Action,Biography,Drama
Tim's Vermeer,Documentary,History,
Les Misérables,Drama,,
Project Almanac,Drama,Mystery,Sci-Fi
Black or White,Drama,,
Still Alice,Drama,,
Insidious: The Last Key,Horror,Mystery,Thriller
Race 2,Action,Crime,Thriller
Den of Thieves,Action,Crime,Drama
BTS World Tour: Love Yourself in Seoul,Documentary,Music,
Extreme Job,Action,Comedy,
Sundown,Comedy,Drama,
Clean,Comedy,Drama,Horror
Strange Magic,Adventure,Animation,Comedy
The Boy Next Door,Horror,Thriller,
The Loft,Mystery,Romance,Thriller
The Gentlemen,Action,Crime,
I,Action,Drama,Thriller
The Turning,Drama,,
The Grudge,,,
Agneepath,Action,Drama,
Kung Fu Panda 3,Action,Adventure,Animation
The Devil Inside,Horror,,
Ride Along 2,Action,Comedy,Crime
Norm of the North,Adventure,Animation,Comedy
Red Tails,Action,Adventure,Drama
Supernova,Drama,Mystery,Sci-Fi
Raees,Action,Crime,Drama
The Wedding Ringer,Comedy,,
Jack Ryan: Shadow Recruit,Action,Drama,Thriller
The Grey,Action,Adventure,Drama
Underwater,Action,Drama,Thriller
The Kid Who Would Be King,Action,Adventure,Family
Cake,Drama,Mystery,Romance
Proud Mary,Action,Crime,Drama
The Resurrection of Gavin Stone,Comedy,Drama,Family
Spare Parts,Drama,,
The Salesman,Drama,Thriller,
Forever My Girl,Drama,Music,Romance
Contraband,Action,Crime,Drama
Serenity,Drama,Mystery,Sci-Fi
Padmaavat,Drama,History,Romance
The Nut Job,Adventure,Animation,Comedy
Miss Bala,Action,Crime,Drama
Total Dhamaal,Action,Adventure,Comedy
Run the Race,Drama,Sport,
Safe Haven,Drama,Romance,Thriller
Fifty Shades Darker,Drama,Romance,
John Wick: Chapter 2,Action,Crime,Thriller
Everybody Knows,Crime,Drama,Mystery
Warm Bodies,Comedy,Horror,Romance
Gully Boy,Drama,Music,
The Mermaid,Comedy,Drama,Fantasy
Escape from Planet Earth,Adventure,Animation,Comedy
A Good Day to Die Hard,Action,Thriller,
Get Out,Horror,Mystery,Thriller
Identity Thief,Adventure,Comedy,Crime
The Oscar Nominated Short Films 2019: Documentary,Documentary,,
The Lego Batman Movie,Action,Animation,Comedy
The Prodigy,Horror,Thriller,
The Wandering Earth,Action,Drama,Sci-Fi
Triple 9,Crime,Thriller,
The Great Wall,Action,Adventure,Fantasy
Every Day,Comedy,Drama,Romance
RoboCop,Action,Crime,Sci-Fi
Kedi,Action,,
Son of God,Biography,Drama,History
Early Man,Adventure,Animation,Comedy
Is Genesis History?,Documentary,,
The Monuments Men,Comedy,Drama,History
Collide,Action,,
Stand Up Guys,Comedy,Crime,Thriller
Winchester,Biography,Drama,Fantasy
Everybody Loves Somebody,Comedy,Romance,
Non-Stop,Action,Mystery,Thriller
The Gatekeepers,Documentary,History,War
Annihilation,Adventure,Drama,Horror
No,Drama,,
The 15:17 to Paris,Biography,Drama,Thriller
Black Panther,Action,Adventure,Sci-Fi
The Oscar Nominated Short Films 2013: Live Action,Drama,,
Peter Rabbit,Adventure,Animation,Comedy
Fifty Shades Freed,Drama,Romance,Thriller
Game Night,Comedy,,
"Bless Me, Ultima",Biography,Drama,History
The Lego Movie,Action,Adventure,Animation
Leap!,Adventure,Animation,Comedy
Samson,Action,Drama,
Vampire Academy,Action,Comedy,Drama
Fist Fight,Comedy,,
Fighting with My Family,Biography,Comedy,Drama
Happy Death Day 2U,Drama,Horror,Mystery
Snitch,Action,Drama,Thriller
Cold Pursuit,Action,Crime,Drama
Rings,Drama,Horror,Mystery
Winter's Tale,Drama,Fantasy,Mystery
Side Effects,Crime,Drama,Mystery
Isn't It Romantic,Comedy,Fantasy,Romance
What Men Want,Comedy,Fantasy,Romance
Alita: Battle Angel,Action,Adventure,Sci-Fi
The Lego Movie 2: The Second Part,Action,Adventure,Animation
The Wind Rises,Animation,Biography,Drama
Pompeii,Action,Adventure,Drama
3 Days to Kill,Action,Drama,Thriller
Beautiful Creatures,Drama,Fantasy,Romance
Where to Invade Next,Comedy,Documentary,
Rock Dog,Adventure,Animation,Comedy
A Cure for Wellness,Drama,Fantasy,Horror
The Space Between Us,Adventure,Drama,Romance
Dark Skies,Horror,Sci-Fi,Thriller
Bullet to the Head,Action,Crime,Thriller
I Am Not Your Negro,Documentary,,
About Last Night,Comedy,Romance,
The Oscar Nominated Short Films 2018: Live Action,Action,,
A United Kingdom,Biography,Drama,Romance
Endless Love,Drama,Romance,
How to Train Your Dragon: The Hidden World,Action,Adventure,Animation
Sonic the Hedgehog,Action,Adventure,Family
The Choice,Drama,,
The Woman in Black,Drama,Fantasy,Horror
This Means War,Action,Comedy,Romance
Corpus Christi,Drama,,
Deadpool,Action,Adventure,Comedy
Burden,Drama,,
Gone,Drama,,
Uncharted,Action,Adventure,
What We Do in the Shadows,Comedy,Horror,
Wild Tales,Comedy,Drama,Thriller
Chronicle,Drama,Sci-Fi,Thriller
Wendy,Drama,Fantasy,
Come to Daddy,Comedy,Horror,Thriller
Old Fashioned,Drama,Romance,
Focus,Comedy,,
First Lady,Drama,,
Ghost Rider: Spirit of Vengeance,Action,Fantasy,Thriller
Big Miracle,Biography,Drama,Family
Crisis,Drama,,
"Hail, Caesar!",Comedy,Drama,Music
Gods of Egypt,Action,Adventure,Fantasy
Good Deeds,Comedy,Drama,Romance
Risen,Action,Adventure,Drama
The Secret World of Arrietty,Adventure,Animation,Family
Land,Documentary,,
The Father,,,
How to Be Single,Comedy,Drama,Romance
"McFarland, USA",Biography,Drama,Sport
Wanderlust,Fantasy,,
Fifty Shades of Grey,Drama,Romance,Thriller
The SpongeBob Movie: Sponge Out of Water,Adventure,Animation,Comedy
Blithe Spirit,Comedy,,
Race,Biography,Drama,Sport
Zoolander 2,Comedy,,
Kingsman: The Secret Service,Action,Adventure,Comedy
The Witch,Horror,Mystery,
Act of Valor,Action,Adventure,Drama
Jupiter Ascending,Action,Adventure,Sci-Fi
Ride Your Wave,Animation,Comedy,Romance
The Vow,Drama,Romance,
Safe House,Horror,,
Downhill,Action,Horror,Sport
And Then We Danced,Drama,Romance,
Eddie the Eagle,Biography,Comedy,Drama
The Cursed,Horror,Thriller,
The Photograph,Drama,Romance,
Fantasy Island,Adventure,Comedy,Fantasy
The Invisible Man,Sci-Fi,,
Pride and Prejudice and Zombies,Action,Comedy,Horror
Butter,Comedy,Drama,
Seventh Son,Action,Adventure,Fantasy
The Lazarus Effect,Horror,Mystery,Sci-Fi
Hot Tub Time Machine 2,Comedy,Mystery,Sci-Fi
Brahms: The Boy II,Horror,Mystery,Thriller
Marry Me,Comedy,Romance,
Greed,Drama,,
Journey 2: The Mysterious Island,Action,Adventure,Comedy
Death on the Nile,Crime,Drama,Mystery
Dog,Comedy,Drama,
A la mala,Comedy,,
The Lodge,Drama,Horror,Thriller
Blacklight,Thriller,,
Goon,Comedy,Drama,Sport
My Boyfriend's Meds,Comedy,,
London Has Fallen,Action,Thriller,
A Wrinkle in Time,Adventure,Family,Fantasy
Do You Believe?,Fantasy,Horror,
Divergent,Action,Adventure,Mystery
I Can Only Imagine,Biography,Drama,Family
The Second Best Exotic Marigold Hotel,Comedy,Drama,
Pacific Rim: Uprising,Action,Adventure,Sci-Fi
Tomb Raider,Action,Adventure,Fantasy
God's Not Dead,Drama,,
T2 Trainspotting,Drama,,
Allegiant,Action,Adventure,Mystery
Chappie,Action,Crime,Drama
10 Cloverfield Lane,Drama,Horror,Mystery
It Follows,Horror,Mystery,
Unfinished Business,Romance,,
Danny Collins,Biography,Comedy,Drama
The Gunman,Action,Crime,Drama
Noah,Drama,Thriller,
The Grand Budapest Hotel,Adventure,Comedy,Crime
Badrinath Ki Dulhania,Comedy,Drama,Romance
Zootopia,Adventure,Animation,Comedy
Batman v Superman: Dawn of Justice,Action,Adventure,Fantasy
While We're Young,Comedy,Drama,Mystery
300: Rise of an Empire,Action,Fantasy,War
Mr. Peabody & Sherman,Adventure,Animation,Comedy
Muppets Most Wanted,Adventure,Comedy,Crime
Table 19,Comedy,Drama,Romance
Ready Player One,Action,Adventure,Sci-Fi
Miracles from Heaven,Biography,Drama,Family
Finding Vivian Maier,Biography,Documentary,Mystery
Logan,Action,Drama,Sci-Fi
Cinderella,Musical,,
The Boss Baby,Adventure,Animation,Comedy
Kong: Skull Island,Action,Adventure,Fantasy
Veronica Mars,Crime,Drama,Mystery
Eye in the Sky,Drama,Thriller,War
Home,Drama,,
The Raid 2,Action,Crime,Thriller
Beauty and the Beast,Family,Fantasy,Musical
The Brothers Grimsby,Action,Adventure,Comedy
The Perfect Match,Comedy,Romance,
Midnight Special,Action,Drama,Mystery
Everybody Wants Some!!,Comedy,,
"Hello, My Name Is Doris",Comedy,Drama,Romance
The Other Side of the Door,Drama,,
Kapoor & Sons,Comedy,Drama,Romance
Power Rangers,Action,Adventure,Sci-Fi
The Single Moms Club,Comedy,Drama,
CHIPS,Action,Comedy,Crime
The Zookeeper's Wife,Biography,Drama,History
The Young Messiah,Drama,Fantasy,
Before I Fall,Drama,Fantasy,Mystery
Whiskey Tango Foxtrot,Biography,Comedy,Drama
Get Hard,Comedy,Crime,
Need for Speed,Action,Crime,Thriller
My Big Fat Greek Wedding 2,Comedy,Romance,
The Belko Experiment,Horror,Thriller,
Life,Horror,Sci-Fi,Thriller
The Shack,Drama,Fantasy,
Ghost in the Shell,Action,Drama,Sci-Fi
Bad Words,Comedy,Drama,
Sabotage,Action,Crime,Drama
Red Sparrow,Action,Drama,Thriller
Run All Night,Action,Drama,Thriller
Greta,Drama,,
Dead Man Down,Action,Crime,Drama
The Courier,Action,Crime,Drama
Spring Breakers,Comedy,Crime,Drama
The Last Exorcism Part II,Drama,Horror,Thriller
Captain Marvel,Action,Adventure,Sci-Fi
Chaos Walking,Adventure,Sci-Fi,
The Kid,Drama,,
A Thousand Words,Comedy,Drama,
Us,Comedy,,
Nobody,Drama,,
Wonder Park,Adventure,Animation,Comedy
Thoroughbreds,Comedy,Crime,Drama
The Aftermath,Drama,Romance,War
The Hurricane Heist,Action,Adventure,Crime
God's Not Dead: A Light in Darkness,Drama,,
Unplanned,Biography,Drama,
The Way Back,Adventure,Drama,History
City of Lies,Biography,Crime,Drama
Gringo,Action,Comedy,Crime
7 Days in Entebbe,Action,Drama,History
Long Weekend,Horror,,
Badla,Crime,Drama,Mystery
Boogie,Drama,,
Oz the Great and Powerful,Adventure,Family,Fantasy
Five Feet Apart,Drama,Romance,
Godzilla vs. Kong,Action,Sci-Fi,Thriller
The Hunt,Documentary,,
21 & Over,Comedy,,
The Host,Documentary,,
Jiro Dreams of Sushi,Documentary,,
I Still Believe,,,
Bloodshot,Action,Drama,Fantasy
The Kid with a Bike,Drama,,
Footnote,Comedy,Drama,
A Madea Family Funeral,Comedy,,
Onward,Adventure,Animation,Comedy
"Jeff, Who Lives at Home",Comedy,Drama,
Admission,Comedy,Drama,Romance
Children of the Sea,Adventure,Animation,Fantasy
Hope Gap,Drama,Romance,
Dumbo,Adventure,Family,Fantasy
Silent House,Drama,Horror,Mystery
Beneath Us,Horror,Thriller,
The Raid: Redemption,Action,Thriller,
Extra Ordinary,Comedy,Fantasy,Horror
The Place Beyond the Pines,Crime,Drama,Thriller
Friends with Kids,Comedy,Drama,Romance
Baaghi 3,Action,,
The Incredible Burt Wonderstone,Adventure,Comedy,Fantasy
Casa de mi Padre,Comedy,Western,
Salmon Fishing in the Yemen,Comedy,Drama,Romance
Unsane,Drama,Horror,Mystery
The Croods,Action,Adventure,Animation
Death Wish,Action,Crime,Drama
Renoir,Biography,Drama,History
Wrath of the Titans,Action,Adventure,Fantasy
The Death of Stalin,Comedy,Drama,History
X,Drama,Horror,Thriller
"Love, Simon",Comedy,Drama,Romance
RRR,Action,,
Umma,Drama,,
Olympus Has Fallen,Action,Thriller,
21 Jump Street,Action,Comedy,Crime
Apollo 11,Documentary,History,
Alice,Comedy,,
Jack the Giant Slayer,Adventure,Fantasy,
Captive State,Sci-Fi,Thriller,
Girl Rising,Documentary,Drama,
Stoker,Drama,Thriller,
Sherlock Gnomes,Adventure,Animation,Comedy
Acrimony,Drama,Romance,Thriller
The Lorax,Adventure,Animation,Comedy
Hotel Mumbai,Drama,History,Thriller
After Yang,Drama,,
I Am Here,Documentary,Music,
The Hunger Games,Action,Adventure,Sci-Fi
Gloria Bell,Comedy,Drama,Romance
The Call,Crime,Drama,Horror
"Paul, Apostle of Christ",Adventure,Biography,Drama
G.I. Joe: Retaliation,Action,Adventure,Sci-Fi
Isle of Dogs,Adventure,Animation,Comedy
The Beach Bum,Comedy,,
Temptation: Confessions of a Marriage Counselor,Drama,Thriller,
Mirror Mirror,Adventure,Comedy,Drama
Project X,Comedy,,
Midnight Sun,Drama,Romance,
The Batman,Action,Crime,Drama
The Mustang,Drama,,
John Carter,Action,Adventure,Sci-Fi
Emperor,Drama,History,War
The Sapphires,Biography,Comedy,Drama
The Strangers: Prey at Night,Horror,,
Locke,Drama,,
The White Crow,Biography,Drama,
2 States,Comedy,Drama,Romance
The Fate of the Furious,Action,Crime,Thriller
The Man Who Knew Infinity,Biography,Drama,
Housefull 2,Action,Comedy,Musical
Kalank,Drama,Romance,
Oblivion,Action,Adventure,Sci-Fi
The Best of Enemies,Biography,Drama,History
Meet the Blacks,Comedy,Horror,
Under the Skin,Drama,Horror,Sci-Fi
Miles Ahead,Biography,Drama,Music
Penguins,Documentary,,
Compadres,Action,Comedy,Crime
Furious 7,Action,Crime,Thriller
Fan,Drama,,
Green Room,Horror,Music,Thriller
Criminal,Action,Crime,Drama
Marley,Drama,,
Red Joan,Biography,Drama,Romance
42,Biography,Drama,Sport
Hardcore Henry,Action,Adventure,Sci-Fi
Only Lovers Left Alive,Comedy,Drama,Fantasy
Sing Street,Comedy,Drama,Music
Ratchet & Clank,Action,Adventure,Animation
A Hologram for the King,Comedy,Drama,Romance
I Feel Pretty,Comedy,Romance,
A Beautiful Planet,Documentary,,
Clouds of Sils Maria,Drama,,
Limbo,Drama,,
The Lucky One,Drama,Romance,
The Resort,Documentary,History,
The Bad Guys,Comedy,Drama,
Morbius,Action,Adventure,Drama
The Water Diviner,Drama,History,War
True Story,Drama,,
Little Boy,Drama,History,War
Think Like a Man,Comedy,Romance,
Memory,Documentary,,
The Contractor,Crime,Thriller,
Acharya,Biography,Drama,Music
Vivo,Animation,Comedy,Family
The Age of Adaline,Drama,Fantasy,Romance
The Longest Ride,Drama,Romance,
Woman in Gold,Biography,Drama,History
Dual,Drama,,
Unfriended,Horror,Mystery,Thriller
Monkey Kingdom,Documentary,,
Firebird,Drama,Romance,
Ex Machina,Drama,Mystery,Sci-Fi
American Reunion,Comedy,,
The Jungle Book,Animation,,
Monsieur Lazhar,Comedy,Drama,
Bernie,Family,,
Lockout,Action,Sci-Fi,Thriller
To the Arctic 3D,Documentary,,
The Raven,Crime,Mystery,Thriller
Keanu,Action,Comedy,Crime
God's Not Dead 2,Drama,,
Mortal Kombat,Action,Adventure,Fantasy
Safe,Thriller,,
The Five-Year Engagement,Comedy,Romance,
Chimpanzee,Documentary,,
Mother's Day,Comedy,Drama,Romance
The Pirates! Band of Misfits,Adventure,Animation,Comedy
Separation,Thriller,,
The Huntsman: Winter's War,Action,Adventure,Drama
Barbershop: The Next Cut,Comedy,Drama,
Paul Blart: Mall Cop 2,Action,Comedy,Crime
The Cabin in the Woods,Horror,,
The Boss,Comedy,,
The Three Stooges,Documentary,,
After,Adventure,,
Trance,Documentary,,
The Promise,Action,,
The Lost City of Z,Adventure,Biography,Drama
Shazam!,Action,Adventure,Comedy
Unforgettable,Drama,Romance,
Draft Day,Drama,Sport,
Oculus,Horror,Mystery,
Mud,Drama,,
The Big Wedding,Comedy,Drama,Romance
Free Fire,Action,Comedy,Crime
Avengers: Infinity War,Action,Adventure,Sci-Fi
Transcendence,Drama,,
Born in China,Documentary,,
The Case for Christ,Biography,Drama,
Brick Mansions,Action,Crime,
Bears,Documentary,,
Baahubali 2: The Conclusion,Action,Drama,
The Circle,Drama,,
The Miracle Season,Drama,Sport,
Super Troopers 2,Comedy,Crime,Mystery
The Company You Keep,Drama,Thriller,
Traffik,Action,Crime,Drama
The Other Woman,Comedy,Romance,
Pandas,Documentary,,
Colossal,Comedy,Drama,Fantasy
Beirut,Drama,Thriller,
Phoenix Forgotten,Horror,Mystery,Sci-Fi
Their Finest,Comedy,Drama,Romance
Norman,Drama,Thriller,
Home Run,Drama,Family,Sport
Sgt. Stubby: An American Hero,Adventure,Animation,Family
Filly Brown,Drama,Music,
A Quiet Passion,Biography,Drama,
Sleight,Action,Drama,Sci-Fi
Disobedience,Drama,Romance,
Your Name.,Animation,Drama,Fantasy
Maudie,Biography,Drama,Romance
You Were Never Really Here,Crime,Drama,Mystery
The Rider,Drama,Western,
Avengers: Endgame,Action,Adventure,Sci-Fi
Heaven Is for Real,Biography,Drama,Family
A Haunted House 2,Comedy,Fantasy,
Pain & Gain,Action,Comedy,Crime
How to Be a Latin Lover,Comedy,Drama,
Hellboy,Action,Adventure,Fantasy
The Quiet Ones,Drama,Horror,Thriller
Blockers,Comedy,,
Disconnect,Drama,Mystery,Sci-Fi
Going in Style,Comedy,Crime,
Smurfs: The Lost Village,Adventure,Animation,Comedy
Truth or Dare,Horror,Romance,Thriller
Evil Dead,Fantasy,Horror,Thriller
Missing Link,Drama,,
Fading Gigolo,Comedy,,
Captain America: The Winter Soldier,Action,Adventure,Sci-Fi
The Railway Man,Biography,Drama,Romance
Kon-Tiki,Adventure,History,
Chappaquiddick,Drama,History,Thriller
A Quiet Place,Drama,Horror,Sci-Fi
Rampage,Action,Adventure,Sci-Fi
Pet Sematary,Horror,Mystery,Thriller
Gifted,Crime,Drama,Thriller
Rio 2,Adventure,Animation,Comedy
Breakthrough,Family,,
Little,Comedy,Fantasy,Romance
The Curse of La Llorona,Horror,Mystery,Thriller
Firestarter,Documentary,,
Piku,Comedy,Drama,
Deadpool 2,Action,Adventure,Comedy
Aloha,Comedy,Drama,Romance
The Innocents,Drama,History,
Show Dogs,Adventure,Comedy,Family
Solo: A Star Wars Story,Action,Adventure,Fantasy
The Lovers,Comedy,Drama,Romance
Captain America: Civil War,Action,Adventure,Sci-Fi
Overboard,Comedy,Romance,
The Wall,Documentary,,
Far from the Madding Crowd,Drama,Romance,
I'll See You in My Dreams,Comedy,Drama,Romance
Book Club,Documentary,,
Life of the Party,Drama,,
Top Gun: Maverick,Action,Drama,
Vortex,Drama,,
Tanu Weds Manu Returns,Comedy,Drama,Romance
Lux Æterna,Drama,,
Pirates of the Caribbean: Dead Men Tell No Tales,Action,Adventure,Fantasy
Tully,Comedy,Drama,Mystery
Love & Friendship,Comedy,Drama,Romance
The Darkness,Horror,Thriller,
The Intruder,Horror,,
The Hustle,Comedy,Crime,
Long Shot,Comedy,Romance,
A Dog's Journey,Adventure,Comedy,Drama
Booksmart,Comedy,,
UglyDolls,Adventure,Animation,Comedy
"Everything, Everything",Drama,Romance,
King Arthur: Legend of the Sword,Action,Adventure,Drama
Maggie's Plan,Comedy,Drama,Romance
The Biggest Little Farm,Documentary,,
Brightburn,Horror,Sci-Fi,
Snatched,Drama,Horror,Mystery
Tolkien,Biography,Drama,War
The Sun Is Also a Star,Drama,Romance,
Baywatch,Action,Comedy,Crime
Alien: Covenant,Horror,Sci-Fi,Thriller
Poms,Comedy,Drama,
Guardians of the Galaxy Vol. 2,Action,Adventure,Comedy
Breaking In,Action,Crime,Drama
Ma,Drama,Horror,
Diary of a Wimpy Kid: The Long Haul,Comedy,Family,
X-Men: Apocalypse,Action,Adventure,Sci-Fi
The Angry Birds Movie,Action,Animation,Comedy
New Order,Fantasy,Sci-Fi,Thriller
Alice Through the Looking Glass,Adventure,Family,Fantasy
Neighbors 2: Sorority Rising,Comedy,,
Profile,Mystery,Thriller,
Finding You,Drama,Romance,
Dream Horse,Drama,,
Money Monster,Crime,Drama,Thriller
The Nice Guys,Action,Comedy,Crime
Paris Can Wait,Comedy,Drama,Romance
Lowriders,Adventure,Crime,Drama
First Reformed,Drama,Mystery,Thriller
RBG,Biography,Documentary,
Bad Samaritan,Crime,Horror,Thriller
Spiral,Thriller,,
Aladdin,Fantasy,,
Cruella,Comedy,,
How to Build a Girl,Comedy,,
John Wick: Chapter 3 - Parabellum,Action,Crime,Thriller
Lucky Grandma,Drama,,
Godzilla: King of the Monsters,Action,Adventure,Fantasy
The Wretched,Horror,,
Rocketman,Biography,Drama,Music
The Avengers,Action,Adventure,Sci-Fi
A Million Ways to Die in the West,Comedy,Western,
Peeples,Comedy,Romance,
Before Midnight,Drama,Romance,
What to Expect When You're Expecting,Comedy,Drama,Romance
Moonrise Kingdom,Adventure,Comedy,Drama
The Best Exotic Marigold Hotel,Comedy,Drama,Romance
The Grand Seduction,Comedy,,
Hysteria,Horror,Thriller,
The Dictator,Comedy,,
Ida,Drama,,
Frances Ha,Comedy,Drama,Romance
Yeh Jawaani Hai Deewani,Comedy,Drama,Musical
Battleship,Action,Adventure,Sci-Fi
The East,Adventure,Drama,Thriller
Dark Shadows,Comedy,Fantasy,Horror
Legends of Oz: Dorothy's Return,Adventure,Animation,Family
The Iceman,Biography,Crime,Drama
Moms' Night Out,Comedy,,
Fill the Void,Drama,Romance,
Love Is All You Need,Comedy,Drama,Romance
Stories We Tell,Documentary,,
Words and Pictures,Comedy,Drama,Romance
The Immigrant,Drama,Romance,
Poltergeist,Horror,Thriller,
Girl in Progress,Comedy,Drama,
Iron Man 3,Action,Adventure,Sci-Fi
Fast & Furious 6,Action,Crime,Thriller
Star Trek Into Darkness,Action,Adventure,Sci-Fi
The Great Gatsby,Drama,Romance,
Tomorrowland,Documentary,,
Now You See Me,Crime,Mystery,Thriller
Epic,Adventure,Animation,Family
The Intouchables,Biography,Comedy,Drama
Mad Max: Fury Road,Action,Adventure,Sci-Fi
San Andreas,Action,Adventure,Drama
Pitch Perfect 2,Comedy,Music,
After Earth,Action,Adventure,Drama
Avengers: Age of Ultron,Action,Adventure,Sci-Fi
Chernobyl Diaries,Horror,Mystery,Thriller
Fed Up,Documentary,,
The Hangover Part III,Adventure,Comedy,Crime
Crooked Arrows,Drama,Sport,
Godzilla,Action,Adventure,Sci-Fi
Blended,Comedy,Romance,
X-Men: Days of Future Past,Action,Adventure,Sci-Fi
Chef,Comedy,Drama,Family
Million Dollar Arm,Biography,Drama,Sport
Maleficent,Action,Adventure,Family
Neighbors,Drama,,
The Amazing Spider-Man 2,Action,Adventure,Sci-Fi
Men in Black 3,Action,Adventure,Comedy
Hot Pursuit,Action,Comedy,Crime
1982,Drama,,
Transformers: Age of Extinction,Action,Adventure,Sci-Fi
It Comes at Night,Horror,Mystery,
White House Down,Action,Drama,Thriller
Megan Leavey,Biography,Drama,War
The Fault in Our Stars,Drama,Romance,
Edge of Tomorrow,Action,Sci-Fi,
The Beguiled,Drama,,
Late Night,Comedy,Drama,
Inside Out,,,
Shaft,Action,Comedy,Crime
This Is the End,Comedy,Fantasy,
Popstar: Never Stop Never Stopping,Comedy,Music,
Incredibles 2,Action,Adventure,Animation
Jurassic World,Action,Adventure,Sci-Fi
The Internship,Comedy,,
Child's Play,Horror,,
Hunt for the Wilderpeople,Adventure,Comedy,Drama
Yesterday,Comedy,Fantasy,Music
Anna,Drama,Mystery,Sci-Fi
The Hero,,,
Ted 2,Comedy,,
The Other Side of Heaven 2: Fire of Faith,Drama,,
Wild Rose,Drama,Music,
Warcraft,Action,Adventure,Fantasy
World War Z,Action,Adventure,Horror
Monsters University,Adventure,Animation,Comedy
The Book of Henry,Crime,Drama,Thriller
Beatriz at Dinner,Comedy,Drama,
The Shallows,Drama,Horror,Thriller
Me Before You,Drama,Romance,
Your Sister's Sister,Comedy,Drama,
Jersey Boys,Biography,Drama,Music
Man of Steel,Action,Adventure,Sci-Fi
The Heat,Action,Comedy,Crime
Bharat,Action,Drama,
Maiden,Documentary,,
Free State of Jones,Action,Biography,Drama
The Dead Don't Die,Comedy,Fantasy,Horror
Spy,Action,Crime,Drama
Think Like a Man Too,Comedy,Romance,
My Cousin Rachel,Drama,Mystery,Romance
Pavarotti,Biography,Documentary,Music
The Last Black Man in San Francisco,Drama,,
Swiss Army Man,Adventure,Comedy,Drama
Ocean's Eight,Action,Comedy,Crime
Annabelle Comes Home,Horror,Mystery,Thriller
Much Ado About Nothing,Comedy,Drama,
Tag,Drama,,
SuperFly,Action,Crime,Thriller
Won't You Be My Neighbor?,Biography,Documentary,
Snowpiercer,Action,Drama,Sci-Fi
Adrift,Action,Adventure,Biography
All Eyez on Me,Biography,Drama,Music
47 Meters Down,Adventure,Drama,Horror
The Big Sick,Comedy,Drama,Romance
The House,Comedy,Crime,
Sicario: Day of the Soldado,Action,Crime,Drama
I'm So Excited!,Comedy,,
Hereditary,Drama,Horror,Mystery
Captain Underpants: The First Epic Movie,Action,Animation,Comedy
Unfinished Song,Comedy,Drama,Music
The Attack,Drama,Mystery,War
Uncle Drew,Comedy,Sport,
Three Identical Strangers,Biography,Documentary,Drama
Upgrade,Action,Sci-Fi,Thriller
Men in Black: International,Action,Adventure,Comedy
Jurassic World: Fallen Kingdom,Action,Adventure,Sci-Fi
The Secret Life of Pets 2,Adventure,Animation,Comedy
Begin Again,Drama,Family,
Toy Story 4,Adventure,Animation,Comedy
Hearts Beat Loud,Comedy,Drama,Music
American Animals,Biography,Crime,Drama
A Aa,Action,Comedy,Drama
Gotti,Biography,Crime,Drama
Wonder Woman,Action,Adventure,Fantasy
Despicable Me 3,Adventure,Animation,Comedy
Action Point,Comedy,,
Leave No Trace,Drama,,
Hotel Artemis,Action,Drama,Sci-Fi
22 Jump Street,Action,Comedy,Crime
20 Feet from Stardom,Documentary,Music,
The Mummy,Action,Adventure,Fantasy
Baby Driver,Action,Crime,Drama
Sanju,Biography,Drama,
Rough Night,Comedy,Crime,Thriller
How to Train Your Dragon 2,Action,Adventure,Animation
Cars 3,Adventure,Animation,Comedy
America: Imagine the World Without Her,Documentary,,
Obvious Child,Comedy,Drama,Romance
Transformers: The Last Knight,Action,Adventure,Sci-Fi
The Bling Ring,Biography,Crime,Drama
The Purge,Horror,Thriller,
In the Heights,Drama,Music,Musical
Seeking a Friend for the End of the World,Adventure,Comedy,Drama
Followed,Horror,,
Central Intelligence,Action,Comedy,Crime
Max,Biography,Comedy,Documentary
Magic Mike,Comedy,Drama,
Independence Day: Resurgence,Action,Adventure,Sci-Fi
Prometheus,Adventure,Mystery,Sci-Fi
Watcher,Sci-Fi,,
The Conjuring 2,Drama,Horror,Mystery
Becky,Drama,,
Snow White and the Huntsman,Action,Adventure,Drama
Outlaws,Crime,,
Love & Mercy,Biography,Drama,Music
People Like Us,Drama,,
To Rome with Love,Comedy,Music,Romance
Insidious: Chapter 3,Horror,Mystery,Thriller
Zola,Action,Drama,
Now You See Me 2,Action,Adventure,Comedy
That's My Boy,Comedy,,
Abraham Lincoln: Vampire Hunter,Action,Fantasy,Horror
Infinitely Polar Bear,Comedy,Drama,Romance
Me and Earl and the Dying Girl,Comedy,Drama,Romance
Rock of Ages,Comedy,Drama,Musical
StarDog and TurboCat,Animation,,
Finding Dory,Adventure,Animation,Comedy
Dil Dhadakne Do,Comedy,Drama,Romance
Beasts of the Southern Wild,Adventure,Drama,Fantasy
Most Wanted,Animation,,
Madea's Witness Protection,Comedy,Crime,Drama
Witnesses,Horror,Thriller,
Madagascar 3: Europe's Most Wanted,Adventure,Animation,Comedy
Testament of Youth,Biography,Drama,History
Teenage Mutant Ninja Turtles: Out of the Shadows,Action,Adventure,Comedy
Ted,Comedy,Fantasy,
Brave,Drama,,
Poser,Crime,Drama,
Abandoned,Adventure,Drama,Thriller
Safety Not Guaranteed,Comedy,Drama,Romance
Dope,Comedy,Crime,Drama
Entourage,Comedy,,
An Inconvenient Sequel: Truth to Power,Documentary,,
Hotel Transylvania 3: Summer Vacation,Adventure,Animation,Comedy
My Old School,Documentary,,
The Amazing Spider-Man,Action,Adventure,Sci-Fi
Spider-Man: Homecoming,Action,Adventure,Sci-Fi
Pig,Comedy,Crime,Drama
The Fluffy Movie: Unity Through Laughter,Comedy,Documentary,
Dunkirk,Action,Drama,History
War for the Planet of the Apes,Action,Adventure,Drama
Savages,Crime,Drama,Thriller
Girls Trip,Comedy,Drama,
Unfriended: Dark Web,Crime,Horror,Mystery
The End of the Tour,Biography,Drama,
Wolf Warrior 2,Action,Drama,Thriller
The Emoji Movie,Adventure,Animation,Comedy
Wish I Was Here,Comedy,Drama,
Phoenix,Documentary,,
The Killer,Western,,
Planes: Fire & Rescue,Adventure,Animation,Comedy
Blindspotting,Comedy,Crime,Drama
Snake Eyes,Action,Adventure,
Earth to Echo,Adventure,Family,Sci-Fi
Kabali,Action,Crime,Drama
The Way Way Back,Comedy,Drama,
Batman: The Killing Joke,Action,Animation,Crime
Southpaw,Drama,Sport,
Indignation,Drama,Romance,
Fruitvale Station,Biography,Drama,Romance
Persecuted,Action,Drama,Mystery
Spider-Man: Far from Home,Action,Adventure,Comedy
Sex Tape,Comedy,Romance,
Stillwater,Mystery,Thriller,
Our Kind of Traitor,Crime,Drama,Thriller
The Lion King,Adventure,Animation,Drama
1991,Comedy,,
2016: Obama's America,Documentary,,
Kick,Documentary,,
The Dark Knight Rises,Action,Thriller,
Whitney,Biography,Documentary,Music
Step Up Revolution,Drama,Music,Romance
The Watch,Action,Comedy,Horror
The Gallows,Horror,Mystery,Thriller
Eighth Grade,Comedy,Drama,
Atomic Blonde,Action,Mystery,Thriller
Sorry to Bother You,Comedy,Fantasy,Sci-Fi
Paper Towns,Comedy,Drama,Mystery
Lucy,Animation,Documentary,
Dawn of the Planet of the Apes,Action,Adventure,Drama
Resurrection,Horror,,
Wish Upon,Drama,Fantasy,Horror
Detroit,Crime,Drama,History
Skyscraper,Action,Adventure,Thriller
Ice Age: Continental Drift,Adventure,Animation,Comedy
Self/less,Action,Mystery,Sci-Fi
The First Purge,Action,Horror,Sci-Fi
The Forgiven,Drama,,
And So It Goes,Comedy,Drama,Romance
Mission: Impossible - Fallout,Action,Adventure,Thriller
Fire,Drama,,
A Most Wanted Man,Crime,Drama,Thriller
The Equalizer 2,Action,Crime,Thriller
Mamma Mia! Here We Go Again,Comedy,Musical,Romance
Vengeance,Horror,,
Ant-Man and the Wasp,Action,Adventure,Comedy
The To Do List,Comedy,Romance,
Irrational Man,Comedy,Drama,
The Purge: Anarchy,Action,Horror,Sci-Fi
Valerian and the City of a Thousand Planets,Action,Adventure,Fantasy
Minions: The Rise of Gru,Adventure,Animation,Comedy
Blackfish,Documentary,Drama,
Magic in the Moonlight,Comedy,Romance,
Baahubali: The Beginning,Action,Drama,
Hercules,Comedy,,
Bhaag Milkha Bhaag,Biography,Drama,Sport
Bajrangi Bhaijaan,Action,Comedy,Drama
Amy,Horror,,
Mr. Holmes,Drama,Mystery,
Deliver Us from Evil,Horror,Mystery,Thriller
Tammy,Comedy,Romance,
Boyhood,Drama,,
Ice Age: Collision Course,Adventure,Animation,Comedy
Train to Busan,Action,Horror,Thriller
Terminator Genisys,Action,Adventure,Sci-Fi
The Wolverine,Action,Adventure,Sci-Fi
Café Society,Comedy,Drama,Romance
Grown Ups 2,Comedy,,
The Conjuring,Horror,Mystery,Thriller
The Rental,Horror,,
The Secret Life of Pets,Adventure,Animation,Comedy
The Art of Self-Defense,Comedy,,
Super 30,Biography,,
Turbo,Adventure,Animation,Comedy
Black Widow,Drama,,
Jungle Cruise,Adventure,,
The Purge: Election Year,Action,Horror,Sci-Fi
Nerve,Documentary,History,
Searching for Sugar Man,Biography,Documentary,Music
Mike and Dave Need Wedding Dates,Adventure,Comedy,Romance
The Farewell,Drama,,
Pixels,Action,Comedy,
Relic,Drama,Horror,
Ant-Man,Action,Adventure,Comedy
Mission: Impossible - Rogue Nation,Action,Adventure,Thriller
Don't Think Twice,Comedy,Drama,
Archive,Documentary,,
Palm Springs,Comedy,,
The Infiltrator,Biography,Crime,Drama
The Smurfs 2,Adventure,Animation,Comedy
The Outpost,Drama,War,
Jason Bourne,Action,Thriller,
Star Trek Beyond,Action,Adventure,Sci-Fi
Ghostbusters,Action,Comedy,Fantasy
Pacific Rim,Action,Adventure,Sci-Fi
The Legend of Tarzan,Action,Adventure,Drama
Bad Moms,Comedy,,
Vacation,Adventure,Comedy,
Trainwreck,Comedy,Drama,Romance
Minions,Adventure,Animation,Comedy
Hillary's America: The Secret History of the Democratic Party,Biography,Documentary,History
Menteur,Comedy,,
RED 2,Action,Comedy,Crime
Stuber,Action,Comedy,
Kevin Hart: Let Me Explain,Comedy,Documentary,
Crawl,Crime,Thriller,
The BFG,Adventure,Family,Fantasy
R.I.P.D.,Action,Adventure,Comedy
Blue Jasmine,Drama,,
Lights Out,Drama,Mystery,Thriller
Sultan,Drama,Romance,
Captain Fantastic,Comedy,Drama,
Ruby Sparks,Comedy,Drama,Fantasy
The Queen of Versailles,Documentary,,
The Vatican Tapes,Horror,Thriller,
Killer Joe,Crime,Drama,Thriller
Absolutely Fabulous: The Movie,Comedy,Crime,
Magic Mike XXL,Comedy,Drama,Music
The Lone Ranger,Action,Adventure,Western
Midsommar,Drama,Horror,Mystery
Despicable Me 2,Adventure,Animation,Comedy
"Farewell, My Queen",Drama,History,Romance
Guardians of the Galaxy,Action,Adventure,Comedy
Elysium,Action,Drama,Sci-Fi
After the Wedding,Drama,,
The Territory,Documentary,News,
Let's Be Cops,Comedy,Crime,
The Meg,Action,Horror,Sci-Fi
Fall,Drama,,
All Saints,Drama,,
Into the Storm,Action,Adventure,Drama
Robot & Frank,Comedy,Crime,Drama
The Eight Hundred,War,,
Birth of the Dragon,Action,Biography,Drama
The Bourne Legacy,Action,Adventure,Thriller
Sleepwalk with Me,Comedy,,
Bill & Ted Face the Music,Comedy,Music,Sci-Fi
Beast,Drama,Mystery,
Ek Tha Tiger,Action,Romance,Thriller
The Campaign,Comedy,,
Easter Sunday,Biography,Crime,Drama
"Where'd You Go, Bernadette",Comedy,Drama,Mystery
Planes,Adventure,Animation,Comedy
BlacKkKlansman,Biography,Crime,Drama
Nitro Circus: The Movie,Action,Comedy,Documentary
Brittany Runs a Marathon,Comedy,Drama,
Unhinged,Adventure,Documentary,Music
The Personal History of David Copperfield,Drama,,
We're the Millers,Comedy,Crime,
Tod@s Caen,Comedy,,
Saaho,Action,Thriller,
The Apparition,Horror,Thriller,
Crazy Rich Asians,Comedy,Romance,
Peninsula,Drama,,
Luce,Drama,,
Official Secrets,Biography,Drama,Thriller
Mission Mangal,Drama,,
Ingrid Goes West,Comedy,Drama,
Brian Banks,Drama,,
Teenage Mutant Ninja Turtles,Action,Adventure,Comedy
The Hundred-Foot Journey,Comedy,Drama,
Good Time,Crime,Drama,Thriller
If I Stay,Drama,Fantasy,Music
The New Mutants,Action,Horror,Sci-Fi
Samsara,Documentary,Music,
The Tax Collector,Crime,Drama,Thriller
Don't Let Go,Drama,Musical,Romance
Lee Daniels' The Butler,Biography,Drama,
Celeste & Jesse Forever,Comedy,Drama,Romance
Christopher Robin,Adventure,Animation,Comedy
Toilet: A Love Story,Comedy,Drama,
Respect,Biography,Drama,Music
Instructions Not Included,Comedy,Romance,
Reminiscence,Drama,Mystery,
The Art of Racing in the Rain,Comedy,Drama,
Paranoia,Drama,Thriller,
Candyman,Drama,Horror,Mystery
Lawless,Action,Adventure,Documentary
Kin,Action,Drama,Sci-Fi
Death of a Nation,Documentary,History,
The Spectacular Now,Comedy,Drama,Romance
Free Guy,Action,Adventure,Comedy
The Grandmaster,Action,Biography,Drama
A-X-L,Action,Adventure,Family
Ready or Not,Horror,Mystery,Thriller
Dog Days,Drama,,
"Juliet, Naked",Comedy,Drama,Music
Angel Has Fallen,Action,Drama,Thriller
Good Boys,Drama,,
The World's End,Action,Comedy,Sci-Fi
Scary Stories to Tell in the Dark,Horror,,
Dora and the Lost City of Gold,Adventure,Family,
Premium Rush,Action,Crime,Thriller
You're Next,Action,Comedy,Horror
Fast & Furious Presents: Hobbs & Shaw,Action,Adventure,Thriller
Jobs,Biography,Drama,
Kick-Ass 2,Action,Comedy,Crime
One Direction: This Is Us,Documentary,Music,
Sparkle,Drama,Music,
The Mortal Instruments: City of Bones,Action,Fantasy,Horror
The Protégé,Drama,,
The Night House,Horror,Thriller,
Papillon,Adventure,Biography,Crime
The Angry Birds Movie 2,Adventure,Animation,Comedy
Getaway,Action,Crime,Thriller
Made for More,Documentary,,
Overcomer,Drama,,
The Suicide Squad,Action,Adventure,Fantasy
47 Meters Down: Uncaged,Adventure,Drama,Horror
Tesla,Mystery,Thriller,
Percy Jackson: Sea of Monsters,Adventure,Family,Fantasy
Together,Drama,,
The Happytime Murders,Action,Comedy,Crime
Searching,Drama,Mystery,Thriller
Slender Man,Adventure,Comedy,Horror
In a World...,Comedy,,
2 Guns,Action,Comedy,Crime
The Spy Who Dumped Me,Action,Adventure,Comedy
Blinded by the Light,Biography,Comedy,Drama
Alpha,Crime,Drama,Fantasy
Mile 22,Action,Adventure,Thriller
Austenland,Comedy,Romance,
The Expendables 2,Action,Adventure,Thriller
Raging Fire,Action,Crime,
Operation Finale,Biography,Drama,History
The Giver,Drama,Romance,Sci-Fi
Diary of a Wimpy Kid: Dog Days,Comedy,Family,
The Possession,Horror,Mystery,Thriller
Closed Circuit,Crime,Drama,Mystery
The Odd Life of Timothy Green,Comedy,Drama,Family
The Peanut Butter Falcon,Adventure,,
ParaNorman,Adventure,Animation,Comedy
Chennai Express,Action,Comedy,
Hit and Run,Action,Comedy,
Total Recall,Action,,
The Wife,Drama,,
Hope Springs,Comedy,Drama,Romance
Made in Italy,Comedy,Drama,
The Kitchen,Comedy,Drama,
The Darkest Minds,Action,Adventure,Drama
Ricki and the Flash,Comedy,Drama,Music
Hell or High Water,Action,Crime,Drama
Nine Lives,Sci-Fi,,
Straight Outta Compton,Biography,Drama,History
The Diary of a Teenage Girl,Comedy,Drama,Romance
The Man from U.N.C.L.E.,Action,Adventure,Comedy
Sin City: A Dame to Kill For,Crime,Thriller,
Learning to Drive,Comedy,Drama,Romance
We Are Your Friends,Drama,Music,Romance
The Gift,Drama,,
When the Game Stands Tall,Drama,Family,Sport
Get on Up,Biography,Drama,Music
Logan Lucky,Comedy,Crime,Drama
Pete's Dragon,Action,Adventure,Comedy
Anthropoid,Biography,History,Thriller
The Nut Job 2: Nutty by Nature,Adventure,Animation,Comedy
Fantastic Four,Action,Adventure,Drama
War Room,Drama,,
What If,Documentary,,
Meru,Action,Adventure,Documentary
War Dogs,Comedy,Crime,Drama
Mistress America,Comedy,Drama,
Kubo and the Two Strings,Action,Adventure,Animation
Step Up All In,Drama,Music,Romance
"As Above, So Below",Animation,Documentary,Sci-Fi
Mechanic: Resurrection,Action,Adventure,Thriller
Assassination,Action,Drama,
Dragon Ball Z: Battle of Gods,Action,Adventure,Animation
Florence Foster Jenkins,Biography,Comedy,Drama
Ben-Hur,Action,Adventure,Drama
The Glass Castle,Biography,Drama,
The Hitman's Bodyguard,Action,Comedy,Thriller
The November Man,Action,Crime,Thriller
Calvary,Drama,,
Annabelle: Creation,Horror,Mystery,Thriller
Grandma,Documentary,,
The Dark Tower,Action,Adventure,Fantasy
Kidnap,Horror,Thriller,
American Ultra,Action,Comedy,Sci-Fi
Wind River,Crime,Drama,Mystery
Hands of Stone,Action,Biography,Drama
Shaun the Sheep Movie,Adventure,Animation,Comedy
Southside with You,Biography,Drama,History
Sinister 2,Horror,Mystery,Thriller
Cantinflas,Biography,Comedy,Drama
No Escape,Action,Thriller,
Hitman: Agent 47,Action,Adventure,Crime
The Expendables 3,Action,Adventure,Thriller
Sausage Party,Adventure,Animation,Comedy
Don't Breathe,Documentary,,
The Trip to Italy,Comedy,Drama,
Suicide Squad,Action,Adventure,Fantasy
Alone,Horror,Thriller,
Hell Fest,Horror,,
Kingsman: The Golden Circle,Action,Adventure,Comedy
The Intern,Comedy,Drama,
Mommy,Drama,,
Fantastic Fungi,Documentary,,
Tenet,Action,Drama,Thriller
Metallica Through the Never,Music,,
White Boy Rick,Crime,Drama,
The Cold Light of Day,Action,Thriller,
Miss Peregrine's Home for Peculiar Children,Adventure,Drama,Fantasy
American Made,Action,Biography,Comedy
The Visit,Horror,Mystery,Thriller
The Old Man & the Gun,Biography,Comedy,Crime
Black Mass,Biography,Crime,Drama
Last Ounce of Courage,Drama,War,
The Skeleton Twins,Comedy,Drama,Romance
The Magnificent Seven,Action,Adventure,Western
The Lego Ninjago Movie,Action,Adventure,Animation
Won't Back Down,Drama,,
Barfi!,Comedy,Drama,Romance
Sully,Biography,Drama,
Storks,Adventure,Animation,Comedy
The Perfect Guy,Crime,Drama,Horror
My Old Lady,Comedy,Drama,Romance
Free Solo,Documentary,Sport,
Deepwater Horizon,Action,Drama,History
Chhichhore,Drama,,
The Family,Comedy,,
Rambo: Last Blood,Action,Adventure,Thriller
Enough Said,Comedy,Drama,Romance
It Chapter Two,Horror,Thriller,
Judy,Horror,Thriller,
The Wild Life,Adventure,Animation,Comedy
A Man Called Ove,Comedy,Drama,Romance
Riddick,Action,Adventure,Sci-Fi
Baggage Claim,Comedy,,
Don Jon,Comedy,Drama,Romance
Pride,Biography,Comedy,Drama
Rush,Action,Biography,Drama
Denial,Biography,Drama,
Morgan,Drama,Romance,
Downton Abbey,Drama,,
Hustlers,Drama,,
Ad Astra,Adventure,Drama,Mystery
Queen of Katwe,Biography,Drama,Sport
Maze Runner: The Scorch Trials,Action,Sci-Fi,Thriller
Tusk,Comedy,Drama,Horror
The Beatles: Eight Days a Week - The Touring Years,Documentary,Music,
It,Horror,Thriller,
Cloudy with a Chance of Meatballs 2,Adventure,Animation,Comedy
When the Bough Breaks,,,
Colette,Documentary,Mystery,
Peppermint,Action,Crime,Drama
My Hero Academia: Two Heroes,Action,Adventure,Animation
Promare,Adventure,Animation,Sci-Fi
3 from Hell,Horror,,
Unbroken: Path to Redemption,Biography,Drama,
Fahrenheit 11/9,Documentary,,
The Identical,Drama,Music,
Linda Ronstadt: The Sound of My Voice,Documentary,,
The Goldfinch,Drama,,
Bridget Jones's Baby,Comedy,Drama,Romance
Life Itself,Biography,Documentary,
The Light Between Oceans,Drama,Romance,
Prisoners,Crime,Drama,Mystery
The Disappointments Room,Drama,Horror,Thriller
God Bless the Broken Road,Drama,Family,Romance
Hillsong: Let Hope Rise,Documentary,Family,Music
The Sisters Brothers,Adventure,Comedy,Crime
Masterminds,Action,Biography,Comedy
Battle of the Year,Drama,Music,
Insidious: Chapter 2,Horror,Mystery,Thriller
Hotel Transylvania 2,Animation,Comedy,Family
Jerusalem,Documentary,,
Blair Witch,Horror,Mystery,Thriller
Snowden,Biography,Drama,Thriller
No manches Frida,Comedy,,
Abominable,Adventure,Animation,Comedy
American Assassin,Action,Thriller,
Mother!,Drama,Horror,Mystery
Til Death Do Us Part,Horror,Thriller,
Pawn Sacrifice,Biography,Drama,Sport
House at the End of the Street,Drama,Horror,Thriller
The Nun,Drama,,
WARx2,Documentary,,
The Boxtrolls,Adventure,Animation,Comedy
Friend Request,Horror,,
Malignant,Drama,,
This Is Where I Leave You,Comedy,Drama,
Sicario,Action,Crime,Drama
Huevos: Little Rooster's Egg-cellent Adventure,Adventure,Animation,Comedy
A Walk Among the Tombstones,Action,Crime,Drama
The Walk,Crime,Thriller,
Everest,Action,Adventure,Biography
Smallfoot,Adventure,Animation,Comedy
Night School,Documentary,,
The Perks of Being a Wallflower,Drama,,
The Master,Drama,,
The Green Inferno,Adventure,Horror,
Brad's Status,Comedy,Drama,Music
I'm Your Man,Drama,,
Jeepers Creepers III,Action,Horror,Mystery
Battle of the Sexes,Biography,Comedy,Drama
The Equalizer,Action,Crime,Thriller
The Maze Runner,Action,Mystery,Sci-Fi
Resident Evil: Retribution,Action,Horror,Sci-Fi
Love Story,Romance,,
Flatliners,Drama,Horror,Mystery
Tulip Fever,Drama,History,Romance
Pitch Perfect,Comedy,Music,Romance
End of Watch,Action,Crime,Drama
Do It Like An Hombre,Comedy,,
90 Minutes in Heaven,Drama,,
Captive,Drama,Thriller,
A Question of Faith,Drama,,
Looper,Action,Crime,Drama
Trouble with the Curve,Drama,Sport,
No Good Deed,Action,Crime,Drama
The House with a Clock in Its Walls,Comedy,Fantasy,Horror
Dredd,Action,Crime,Sci-Fi
The Predator,Action,Adventure,Sci-Fi
Ava,Drama,,
Loving Vincent,Animation,Biography,Crime
The Nest,Drama,,
A Walk in the Woods,Adventure,Biography,Comedy
The Words,Drama,Mystery,Romance
Victoria & Abdul,Biography,Drama,History
Arbitrage,Drama,Thriller,
Wadjda,Comedy,Drama,
The Drop,Crime,Drama,
Follow Me,Horror,Thriller,
The Transporter Refueled,Action,Adventure,Crime
Leap,Drama,,
A Simple Favor,Comedy,Crime,Drama
Meet the Patels,Comedy,Documentary,Romance
Stronger,Action,Sport,
99 Homes,Drama,,
Hotel Transylvania,Animation,Comedy,Family
Home Again,Comedy,Drama,Romance
Dolphin Tale 2,Drama,Family,
The Birth of a Nation,Biography,Drama,History
12 Years a Slave,Biography,Drama,History
The Last Witch Hunter,Action,Adventure,Fantasy
Keeping Up with the Joneses,Action,Comedy,
Parasite,Action,Horror,Sci-Fi
Steve Jobs,Biography,Drama,
Paranormal Activity: The Ghost Dimension,Horror,Mystery,Thriller
The Martian,Adventure,Drama,Sci-Fi
Scouts Guide to the Zombie Apocalypse,Action,Comedy,Horror
Suffragette,Biography,Drama,History
Room,Drama,Thriller,
Crimson Peak,Drama,Fantasy,Horror
Gemini Man,Action,Drama,Sci-Fi
Carrie,Drama,Horror,
Taken 2,Action,Thriller,
Argo,Biography,Drama,Thriller
Force Majeure,Comedy,Drama,
Pan,Adventure,Comedy,Family
Burnt,Comedy,Drama,
Jojo Rabbit,Comedy,Drama,War
Countdown,Thriller,,
Woodlawn,Drama,Sport,
Our Brand Is Crisis,Comedy,Drama,
Birdman or (The Unexpected Virtue of Ignorance),Comedy,Drama,
Black and Blue,Action,Crime,Drama
The Lighthouse,Thriller,,
Lamb,Drama,Family,
Ladrones,Comedy,,
Gravity,Drama,Sci-Fi,Thriller
Jem and the Holograms,Adventure,Drama,Family
The War with Grandpa,Comedy,Family,
The French Dispatch,Comedy,Drama,Romance
Ron's Gone Wrong,Animation,,
Bridge of Spies,Drama,History,Thriller
Jack Reacher: Never Go Back,Action,Thriller,
English Vinglish,Comedy,Drama,Family
Silent Hill: Revelation,Horror,,
Honest Thief,Action,Crime,Drama
Dune,Adventure,Drama,Sci-Fi
Boo! A Madea Halloween,Comedy,Drama,Horror
Seven Psychopaths,Comedy,Crime,
The Girl on the Train,Horror,Mystery,Thriller
Alex Cross,Action,Crime,Mystery
Atlas Shrugged II: The Strike,Drama,Mystery,Sci-Fi
The Empty Man,Drama,,
After We Collided,Romance,,
The Accountant,Action,Crime,Drama
Fun Size,Adventure,Comedy,
The Sessions,Biography,Comedy,Drama
Chasing Mavericks,Biography,Drama,Sport
Heaven,Drama,,
Yellow Rose,Drama,Music,
Spell,Comedy,Drama,Thriller
Antlers,Comedy,,
Goosebumps,Adventure,Comedy,Family
The Many Saints of Newark,Crime,Drama,
Rock the Kasbah,Comedy,Music,War
Paranormal Activity 4,Horror,Mystery,Thriller
Sinister,Horror,Mystery,Thriller
Middle School: The Worst Years of My Life,Comedy,Family,
Ends of the Earth,Documentary,,
Here Comes the Boom,Action,Comedy,Sport
Kevin Hart: What Now?,Comedy,Documentary,
Captain Phillips,Biography,Drama,Thriller
The Rescue,Action,,
He Named Me Malala,Documentary,,
Moonlight,Horror,,
War,Drama,,
Jay and Silent Bob Reboot,Comedy,,
Pain and Glory,Drama,,
Cloud Atlas,Action,Drama,Mystery
Housefull 4,Comedy,,
Frankenweenie,Animation,Comedy,Family
Truth,Biography,Drama,History
Ouija: Origin of Evil,Drama,Horror,Mystery
Inferno,Documentary,,
John Wick,Action,Crime,Thriller
Gone Girl,Drama,Mystery,Thriller
Addicted,Drama,Thriller,
Only the Brave,Action,Biography,Drama
The Foreigner,Action,Thriller,
Halloween,Horror,Thriller,
Kill the Messenger,Biography,Crime,Drama
Jigsaw,Crime,Horror,Mystery
Citizenfour,Biography,Documentary,Thriller
All Is Lost,Action,Adventure,Drama
Venom,Thriller,,
A Star Is Born,Drama,Music,Romance
I'm in Love with a Church Girl,Crime,Drama,Romance
Grace Unplugged,Drama,Music,
Before I Go to Sleep,Drama,Horror,Mystery
Awake: The Life of Yogananda,Documentary,,
Joker,Comedy,Family,Sci-Fi
The Counselor,Crime,Drama,Thriller
Fury,Action,Drama,War
The Best of Me,Drama,Romance,
Annabelle,Horror,Mystery,Thriller
The Killing of a Sacred Deer,Drama,Mystery,Thriller
The Good Lie,Biography,Drama,
Johnny English Strikes Again,Action,Adventure,Comedy
First Man,Biography,Drama,History
The Mountain Between Us,Action,Adventure,Drama
Bang Bang,Action,Adventure,Comedy
I'm Not Ashamed,Biography,Drama,
Whiplash,Drama,Music,
Machete Kills,Action,Crime,Sci-Fi
Gosnell: The Trial of America's Biggest Serial Killer,Crime,Drama,
Left Behind,Documentary,Drama,
Indivisible,Documentary,,
My Little Pony: The Movie,Adventure,Animation,Comedy
Geostorm,Action,Sci-Fi,Thriller
The Saratov Approach,Action,Drama,Thriller
Blade Runner 2049,Drama,Mystery,Sci-Fi
Suspiria,Fantasy,Horror,Mystery
Marshall,Biography,Crime,Drama
"Alexander and the Terrible, Horrible, No Good, Very Bad Day",Comedy,Family,
Beautiful Boy,Drama,,
Bad Times at the El Royale,Crime,Drama,Mystery
Maleficent: Mistress of Evil,Adventure,Family,Fantasy
Happy Death Day,Horror,Mystery,Thriller
Thank You for Your Service,Documentary,Drama,
Hunter Killer,Action,Thriller,
Let There Be Light,Documentary,,
Max Steel,Action,Adventure,Family
Escape Plan,Action,Crime,Mystery
Pulling Strings,Comedy,Romance,
The Book of Life,Family,,
Suburbicon,Comedy,Crime,Drama
The Florida Project,Drama,,
The Addams Family,Animation,Comedy,Family
The Judge,Crime,Drama,
Same Kind of Different as Me,Biography,Drama,
Ae Dil Hai Mushkil,Drama,Music,Musical
The Snowman,Crime,Drama,Mystery
Zombieland: Double Tap,Action,Comedy,Horror
Can You Ever Forgive Me?,Biography,Comedy,Crime
St. Vincent,Comedy,Drama,
The Fifth Estate,Biography,Drama,Thriller
Runner Runner,Crime,Thriller,
Ouija,Horror,Mystery,Thriller
Boo 2! A Madea Halloween,Comedy,Drama,Horror
Nightcrawler,Crime,Drama,Thriller
Mid90s,Comedy,Drama,
Meet the Mormons,Documentary,,
Dear White People,Comedy,Drama,Romance
Dracula Untold,Action,Drama,Fantasy
The Hate U Give,Crime,Drama,
Widows,Comedy,Drama,
Love the Coopers,Comedy,Fantasy,Romance
Vanguard,Sci-Fi,,
The Climb,Adventure,Comedy,Romance
A Bad Moms Christmas,Adventure,Comedy,
Echo Boomers,Action,Crime,Drama
Rust and Bone,Drama,Romance,
Arrival,Documentary,,
Overlord,Action,Adventure,Horror
The Favourite,Biography,Drama,History
The Star,Adventure,Animation,Comedy
Lady Bird,Comedy,Drama,
"Three Billboards Outside Ebbing, Missouri",Crime,Drama,
The Great Beauty,Drama,,
Nobody's Fool,Comedy,Drama,Romance
Robin Hood,Action,Adventure,Drama
Darkest Hour,Biography,Drama,History
Hitchcock,Biography,Comedy,Drama
The Christmas Candle,Drama,Family,
Oldboy,Action,Drama,Mystery
The Girl in the Spider's Web,Action,Crime,Drama
Krrish 3,Action,Adventure,Sci-Fi
Hacksaw Ridge,Biography,Drama,History
Trolls,Adventure,Animation,Comedy
The Possession of Hannah Grace,Horror,Mystery,Thriller
The Collection,Action,Horror,Thriller
The Informer,Crime,Drama,
Let Him Go,Crime,Drama,Thriller
Jab Tak Hai Jaan,Drama,Romance,
Terminator: Dark Fate,Action,Adventure,Sci-Fi
Ammonite,Drama,Romance,
Trumbo,Biography,Drama,
Rise of the Guardians,Action,Adventure,Animation
Flight,Drama,Thriller,
Horrible Bosses 2,Comedy,Crime,
Victor Frankenstein,Drama,Horror,Sci-Fi
Life of Pi,Adventure,Drama,Fantasy
LBJ,Biography,Drama,History
Penguins of Madagascar,Adventure,Animation,Comedy
Spotlight,Drama,,
"Roman J. Israel, Esq.",Crime,Drama,Thriller
Dumb and Dumber To,Adventure,Comedy,
The Imitation Game,Biography,Drama,Thriller
Pokémon the Movie: I Choose You!,Action,Adventure,Animation
Julia,Documentary,,
The Theory of Everything,Biography,Drama,Romance
The Night Before,Horror,,
Skyfall,Action,Adventure,Thriller
The Twilight Saga: Breaking Dawn - Part 2,Adventure,Drama,Fantasy
Secret in Their Eyes,Crime,Drama,Mystery
The Man Who Invented Christmas,Biography,Comedy,Drama
Wreck-It Ralph,Adventure,Animation,Comedy
Lincoln,Biography,Drama,History
Brooklyn,Drama,Music,Musical
The 33,Biography,Drama,History
Silver Linings Playbook,Comedy,Drama,Romance
The Danish Girl,Biography,Drama,Romance
Carol,Drama,Romance,
Doctor Strange,Action,Adventure,Fantasy
For the Love of Money,Drama,,
Legend,Biography,Crime,Drama
Interstellar,Adventure,Drama,Sci-Fi
Clifford the Big Red Dog,Animation,Family,Fantasy
Instant Family,Comedy,Drama,
The Man with the Iron Fists,Action,,
Big Hero 6,Action,Adventure,Animation
The Nutcracker and the Four Realms,Adventure,Family,Fantasy
Foxcatcher,Biography,Drama,Sport
Anna Karenina,,,
The Hunger Games: Mockingjay - Part 1,Action,Adventure,Sci-Fi
Moana,Adventure,Animation,Comedy
Fantastic Beasts and Where to Find Them,Adventure,Family,Fantasy
Killing Them Softly,Crime,Thriller,
Red Dawn,Action,Sci-Fi,Thriller
Green Book,Biography,Comedy,Drama
Anita,Documentary,History,
The Grinch,Animation,Comedy,Family
Bohemian Rhapsody,Biography,Drama,Music
Ralph Breaks the Internet,Adventure,Animation,Comedy
Fantastic Beasts: The Crimes of Grindelwald,Adventure,Family,Fantasy
Call Me by Your Name,Drama,Romance,
Spencer,Comedy,Romance,
Creed II,Drama,Sport,
My All-American,Biography,Drama,Sport
Beyond the Lights,Drama,Music,Romance
Sooryavanshi,Action,Thriller,
Murder on the Orient Express,Crime,Drama,Mystery
Dark Waters,Drama,Horror,Thriller
Knives Out,Drama,,
Creed,Horror,,
Loving,Biography,Drama,Romance
21 Bridges,Crime,Drama,Thriller
Journey to the South Pacific,Documentary,,
Thor: Ragnarok,Action,Adventure,Comedy
Justice League,Action,Adventure,Fantasy
Doctor Sleep,Horror,,
Rules Don't Apply,Comedy,Drama,Romance
Philomena,Biography,Comedy,Drama
Last Christmas,Comedy,,
Honey Boy,Drama,,
Coco,,,
Homefront,Drama,,
Black Nativity,Drama,Family,Music
Ford v Ferrari,Action,Biography,Drama
Boy Erased,Biography,Drama,
Better Days,Comedy,Drama,
The Book Thief,Drama,War,
Miss Sloane,Drama,Thriller,
Nebraska,Adventure,Comedy,Drama
The Homesman,Drama,Western,
The Good Liar,Drama,,
Ender's Game,Action,Adventure,Fantasy
The Edge of Seventeen,Comedy,Drama,
Last Vegas,Comedy,Drama,
The Hunger Games: Mockingjay - Part 2,Action,Adventure,Sci-Fi
The Best Man Holiday,Comedy,Drama,
Spectre,Action,Adventure,Thriller
Qué León,Comedy,Romance,
Charlie's Angels,Action,Adventure,Comedy
Dear Zindagi,Drama,Romance,
At Eternity's Gate,Biography,Drama,
Elle,Biography,Documentary,
Shoplifters,Crime,Drama,
Nocturnal Animals,Drama,Thriller,
Mandela: Long Walk to Freedom,Biography,Drama,History
Bad Santa 2,Comedy,Crime,Drama
Frozen II,Adventure,Animation,Comedy
Motherless Brooklyn,Crime,Drama,
The Eagle Huntress,Adventure,Documentary,Sport
About Time,Comedy,Drama,Fantasy
The Peanuts Movie,Adventure,Animation,Comedy
The Good Dinosaur,Adventure,Animation,Comedy
2.0,Action,Sci-Fi,
Burn the Stage: The Movie,Documentary,Music,
Free Birds,Adventure,Animation,Comedy
Midway,Action,Drama,History
Waves,Drama,,
The Hunger Games: Catching Fire,Action,Adventure,Sci-Fi
Queen & Slim,Drama,,
Manchester by the Sea,Drama,,
Chasing Ice,Biography,Documentary,
Delivery Man,Comedy,Drama,
Harriet,Biography,Drama,History
Lion,Comedy,Drama,Romance
Dallas Buyers Club,Biography,Drama,
Frozen,Adventure,Drama,Sport
A Late Quartet,Drama,Music,
Shut In,Drama,Mystery,Thriller
Bleed for This,Biography,Drama,Sport
Almost Christmas,Comedy,Drama,
Playing with Fire,Comedy,,
A Beautiful Day in the Neighborhood,Biography,Drama,
Thor: The Dark World,Action,Adventure,Fantasy
Rosewater,Biography,Drama,
Allied,Action,Drama,Romance
A Royal Affair,Biography,Drama,History
Wonder,Drama,Family,
Grudge Match,Comedy,Drama,Sport
Wild,Documentary,,
Benedetta,Biography,Drama,History
Flee,Drama,,
Youth,Drama,Romance,War
Night at the Museum: Secret of the Tomb,Adventure,Comedy,Family
Just Getting Started,Action,Comedy,
Annie,Comedy,Drama,Family
Little Women,Drama,Family,
"Two Days, One Night",Drama,,
Point Break,Action,Crime,Sport
The Guilt Trip,Comedy,Drama,
Incarnate,Horror,Thriller,
Chi-Raq,Comedy,Crime,Drama
Father Figures,Adventure,Comedy,Drama
A Madea Christmas,Comedy,Drama,Romance
Into the Woods,Fantasy,Horror,
In the Heart of the Sea,Action,Adventure,Biography
Aquaman,Action,Adventure,Fantasy
Top Five,Comedy,Romance,
The Hobbit: An Unexpected Journey,Adventure,Family,Fantasy
20th Century Women,Comedy,Drama,
Dangal,Action,Biography,Drama
Live by Night,Action,Crime,Drama
Inside Llewyn Davis,Drama,Music,
Unbroken,Drama,,
Ode to My Father,Drama,War,
Her,Drama,Romance,Sci-Fi
Uncut Gems,Comedy,Crime,Drama
Bajirao Mastani,Action,Drama,History
47 Ronin,Action,Adventure,Drama
The Gambler,Documentary,,
The Leisure Seeker,Adventure,Comedy,Drama
Selma,Biography,Drama,History
Zero Dark Thirty,Drama,Thriller,
Silence,Biography,Documentary,
Django Unchained,Drama,Western,
1917,Drama,War,
A Monster Calls,Animation,Drama,Fantasy
Just Mercy,Drama,,
Krampus,Comedy,Fantasy,Horror
The Lady in the Van,Biography,Comedy,Drama
Exodus: Gods and Kings,Action,Adventure,Drama
Parental Guidance,Comedy,Family,
Star Wars: Episode VII - The Force Awakens,Action,Adventure,Fantasy
Tiger Zinda Hai,Action,Adventure,Thriller
Concussion,Documentary,,
Anomalisa,Animation,Comedy,Drama
Cats,Adventure,Animation,Comedy
45 Years,Drama,Romance,
Jack Reacher,Action,Crime,Thriller
The Witches,Adventure,Comedy,Family
Walking with Dinosaurs 3D,Adventure,Animation,Family
Dilwale,Action,Comedy,Romance
This Is 40,Comedy,Romance,
August: Osage County,Comedy,Drama,
Assassin's Creed,Action,Adventure,Sci-Fi
Jackie,Comedy,Drama,Romance
Alvin and the Chipmunks: The Road Chip,Adventure,Animation,Comedy
Spies in Disguise,Action,Adventure,Animation
La La Land,Comedy,Drama,Music
The Interview,Documentary,,
Sisters,Action,Drama,
The Greatest Showman,Biography,Drama,Musical
Inherent Vice,Comedy,Crime,Drama
American Hustle,Crime,Drama,
Second Act,Comedy,Drama,Romance
The Pyramid,Horror,,
PK,Comedy,Drama,Fantasy
Hyde Park on Hudson,Biography,Comedy,Drama
Amour,Drama,Romance,
Joy,,,
Promised Land,Documentary,,
Patriots Day,Action,Crime,Drama
A Hidden Life,Biography,Drama,War
Passengers,Drama,Romance,Sci-Fi
Holmes & Watson,Adventure,Comedy,Crime
A Most Violent Year,Crime,Drama,Thriller
Fences,Drama,Family,
Pitch Perfect 3,Comedy,Music,
The Big Short,Biography,Comedy,Drama
Why Him?,Comedy,,
Welcome to Marwen,Biography,Comedy,Drama
Monster Hunter,Action,Fantasy,
Ferdinand,Adventure,Animation,Comedy
The Post,Biography,Drama,History
The Shape of Water,Adventure,Drama,Fantasy
Wonder Woman 1984,Action,Adventure,Fantasy
Dabangg 2,Action,Comedy,
Promising Young Woman,Crime,Drama,Thriller
If Beale Street Could Talk,Drama,Romance,
Portrait of a Lady on Fire,Drama,History,Romance
Mortal Engines,Action,Adventure,Fantasy
Mary Queen of Scots,Biography,Drama,History
Mr. Turner,Biography,Drama,History
They Shall Not Grow Old,Biography,Documentary,History
Half Brothers,Comedy,Crime,Drama
Justin Bieber's Believe,Documentary,Music,
The Hobbit: The Desolation of Smaug,Adventure,Fantasy,
Pinocchio,Animation,Fantasy,Musical
On the Basis of Sex,Biography,Drama,
Collateral Beauty,Drama,Romance,
Anchorman 2: The Legend Continues,Comedy,,
Lone Survivor,Action,Biography,Drama
The Letters,Drama,,
Paterson,Comedy,Drama,Romance
Son of Saul,Drama,War,
The Revenant,Horror,,
Downsizing,Drama,Sci-Fi,
West Side Story,Crime,Drama,Musical
The Hateful Eight,Crime,Drama,Mystery
Saving Mr. Banks,Biography,Comedy,Drama
Phantom Thread,Drama,Romance,
The Disaster Artist,Biography,Comedy,Drama
The Impossible,Drama,History,Thriller
Office Christmas Party,Comedy,,
Big Eyes,Documentary,,
Dhoom 3,Action,Thriller,
The Mule,Crime,Drama,Thriller
Nightmare Alley,Horror,,
Bumblebee,Action,Adventure,Sci-Fi
'83,Biography,Drama,Sport
Mary Poppins Returns,Comedy,Family,Fantasy
The Secret Life of Walter Mitty,Adventure,Comedy,Drama
Spider-Man: Into the Spider-Verse,Action,Adventure,Animation
Out of the Furnace,Crime,Drama,Thriller
Daddy's Home,Comedy,,
Stan & Ollie,Biography,Comedy,Drama
Hidden Figures,Biography,Drama,History
Simmba,Action,Comedy,Crime
American Sniper,Action,Biography,Drama
Jumanji: Welcome to the Jungle,Action,Adventure,Comedy
Amazing Grace,Drama,,
Vice,Action,Adventure,Sci-Fi
Sing,Animation,Comedy,Family
The Wolf of Wall Street,Biography,Crime,Drama
"I, Tonya",Biography,Comedy,Drama
Hostiles,Adventure,Drama,Western
Cirque du Soleil: Worlds Away,Fantasy,,
Playing for Keeps,Comedy,Romance,Sport
The Hobbit: The Battle of the Five Armies,Adventure,Fantasy,
Molly's Game,Biography,Crime,Drama
All the Money in the World,Biography,Crime,Drama
Rogue One: A Star Wars Story,Action,Adventure,Sci-Fi
Ben Is Back,Drama,,
Mr. Six,Action,Drama,
Sing 2,Animation,Comedy,Family
